area,module,theorem,binder,stated,holds_over,magnitude,loses_invertibility,descent_floor_unverified,assumption
Algebra,Mathlib.Algebra.AddConstMap.Basic,AddConstMapClass.monotone_iff_Icc,[PartialOrder H],PartialOrder,Preorder,1,0,,unused
Algebra,Mathlib.Algebra.Algebra.Bilinear,LinearMap.commute_mulLeft_right,[CommSemiring R],CommSemiring,Semiring,1,0,,unused
Algebra,Mathlib.Algebra.Algebra.NonUnitalSubalgebra,NonUnitalSubalgebra._root_.Set.smul_mem_center,[CommSemiring R],CommSemiring,Semiring,1,0,,unused
Algebra,Mathlib.Algebra.Algebra.Spectrum.Quasispectrum,QuasispectrumRestricts.of_subset_range_algebraMap,[Field S],Field,CommRing,3,0,CommSemiring,unused
Algebra,Mathlib.Algebra.Algebra.StrictPositivity,IsStrictlyPositive.of_subsingleton,[PartialOrder A],PartialOrder,Preorder,1,0,,unused
Algebra,Mathlib.Algebra.Algebra.StrictPositivity,IsStrictlyPositive.smul,[PartialOrder A],PartialOrder,Preorder,1,0,,unused
Algebra,Mathlib.Algebra.Algebra.StrictPositivity,IsStrictlyPositive.smul,[PartialOrder 𝕜],PartialOrder,Preorder,1,0,,unused
Algebra,Mathlib.Algebra.Algebra.StrictPositivity,IsStrictlyPositive.smul,[Ring A],Ring,Semiring,2,1,,unused
Algebra,Mathlib.Algebra.Algebra.Tower,Algebra.lsmul_injective,[AddCommGroup M],AddCommGroup,AddCommMonoid,2,1,,unused
Algebra,Mathlib.Algebra.Algebra.Unitization,Unitization.isStarProjection_inr_iff,[NonUnitalSemiring A],NonUnitalSemiring,NonUnitalNonAssocSemiring,1,0,,unused
Algebra,Mathlib.Algebra.Algebra.Unitization,Unitization.isStarProjection_inr_iff,[StarRing A],StarRing,StarMul,-1,0,,unused
Algebra,Mathlib.Algebra.BigOperators.Finprod,finprod_le_finprod,[PartialOrder M],PartialOrder,Preorder,1,0,,unused
Algebra,Mathlib.Algebra.BigOperators.Finprod,finprod_le_finprod',[PartialOrder M],PartialOrder,Preorder,1,0,,unused
Algebra,Mathlib.Algebra.BigOperators.Finprod,Multiset.mulSupport_fun_pow_count_subset,[CommMonoid M],CommMonoid,Monoid,1,0,,unused
Algebra,Mathlib.Algebra.BigOperators.Finsupp.Basic,Finsupp.comp_liftAddHom,[AddCommMonoid A],AddCommMonoid,AddMonoid,1,0,AddZeroClass,unused
Algebra,Mathlib.Algebra.BigOperators.Finsupp.Basic,Finsupp.liftAddHom_apply,[AddCommMonoid A],AddCommMonoid,AddMonoid,1,0,AddZeroClass,unused
Algebra,Mathlib.Algebra.BigOperators.Finsupp.Basic,Finsupp.liftAddHom_apply_single,[AddCommMonoid A],AddCommMonoid,AddMonoid,1,0,AddZeroClass,unused
Algebra,Mathlib.Algebra.BigOperators.Finsupp.Basic,Finsupp.liftAddHom_comp_single,[AddCommMonoid A],AddCommMonoid,AddMonoid,1,0,AddZeroClass,unused
Algebra,Mathlib.Algebra.BigOperators.Group.List.Basic,List.length_pos_of_prod_ne_one,[Monoid M],Monoid,MulOneClass,2,0,,replaceable
Algebra,Mathlib.Algebra.BigOperators.Group.List.Defs,List.prod_hom_rel,[Monoid M],Monoid,MulOneClass,2,0,,unused
Algebra,Mathlib.Algebra.Category.ModuleCat.ChangeOfRingsExact,ModuleCat.restrictScalars_map_exact,[CommRing R],CommRing,Ring,1,0,,unused
Algebra,Mathlib.Algebra.CharP.Algebra,Algebra.charP_iff,[CommSemiring L],CommSemiring,Semiring,1,0,,unused
Algebra,Mathlib.Algebra.CharP.Algebra,IsFractionRing.charP_of_isFractionRing,[Field K],Field,CommRing,3,0,,unused
Algebra,Mathlib.Algebra.CharP.Invertible,not_ringChar_dvd_of_invertible,[Ring R],Ring,Semiring,2,1,,unused
Algebra,Mathlib.Algebra.DirectSum.LinearMap,LinearMap.mapsTo_biSup_of_mapsTo,[AddCommGroup M],AddCommGroup,AddCommMonoid,2,1,,replaceable
Algebra,Mathlib.Algebra.DirectSum.LinearMap,LinearMap.mapsTo_biSup_of_mapsTo,[CommRing R],CommRing,Ring,1,0,Semiring,replaceable
Algebra,Mathlib.Algebra.Divisibility.Units,IsRelPrime.isUnit_of_dvd,[CommMonoid α],CommMonoid,Monoid,1,0,,unused
Algebra,Mathlib.Algebra.Divisibility.Units,IsRelPrime.of_mul_left_left,[CommMonoid α],CommMonoid,Monoid,1,0,,unused
Algebra,Mathlib.Algebra.Divisibility.Units,IsRelPrime.symm,[CommMonoid α],CommMonoid,Monoid,1,0,,unused
Algebra,Mathlib.Algebra.Group.Action.Defs,IsScalarTower.of_commMonoid,[CommMonoid R],CommMonoid,CommSemigroup,2,0,,unused
Algebra,Mathlib.Algebra.Group.Equiv.Defs,MulEquiv.comp_left_injective,[MulOneClass P],MulOneClass,MulOne,1,0,,unused
Algebra,Mathlib.Algebra.Group.Equiv.Defs,MulEquiv.comp_right_injective,[MulOneClass P],MulOneClass,MulOne,1,0,,unused
Algebra,Mathlib.Algebra.Group.Even,IsSquare.map,[MulOneClass α],MulOneClass,MulOne,1,0,,replaceable
Algebra,Mathlib.Algebra.Group.Hom.CompTypeclasses,MonoidHom.CompTriple.comp,[Monoid M],Monoid,MulOneClass,2,0,,replaceable
Algebra,Mathlib.Algebra.Group.Pointwise.Finset.Basic,Finset.inter_mul_union_subset,[CommSemigroup α],CommSemigroup,CommMagma,2,0,,unused
Algebra,Mathlib.Algebra.Group.Pointwise.Finset.Basic,Finset.union_mul_inter_subset,[CommSemigroup α],CommSemigroup,CommMagma,2,0,,unused
Algebra,Mathlib.Algebra.Group.Pointwise.Set.Basic,Set.inter_mul_union_subset,[CommSemigroup α],CommSemigroup,CommMagma,2,0,,unused
Algebra,Mathlib.Algebra.Group.Pointwise.Set.Basic,Set.union_mul_inter_subset,[CommSemigroup α],CommSemigroup,CommMagma,2,0,,unused
Algebra,Mathlib.Algebra.Group.Pointwise.Set.BigOperators,Set.list_prod_mem_list_prod,[CommMonoid α],CommMonoid,Monoid,1,0,MulOneClass,replaceable
Algebra,Mathlib.Algebra.Group.Submonoid.Pointwise,Submonoid.closure_mul_le,[Monoid M],Monoid,MulOneClass,2,0,,replaceable
Algebra,Mathlib.Algebra.Group.Submonoid.Pointwise,Submonoid.mul_subset,[Monoid M],Monoid,MulOneClass,2,0,,unused
Algebra,Mathlib.Algebra.Group.Submonoid.Pointwise,Set.IsPWO.submonoid_closure,[PartialOrder α],PartialOrder,Preorder,1,0,,unused
Algebra,Mathlib.Algebra.GroupWithZero.Associated,Associates.irreducible_mk,[CommMonoidWithZero M],CommMonoidWithZero,CommMonoid,4,0,,unused
Algebra,Mathlib.Algebra.Module.Card,Cardinal.mk_le_of_module,[IsDomain R],IsDomain,NoZeroDivisors,3,0,,unused
Algebra,Mathlib.Algebra.Module.Lattice,Submodule.IsLattice.of_le_of_isLattice_of_fg,[AddCommGroup V],AddCommGroup,AddCommMonoid,2,1,,unused
Algebra,Mathlib.Algebra.Module.LinearMap.End,Module.End.commute_id_right,[AddCommGroup M],AddCommGroup,AddCommMonoid,2,1,,unused
Algebra,Mathlib.Algebra.Module.LinearMap.End,Module.End.commute_id_right,[Ring R],Ring,Semiring,2,1,,unused
Algebra,Mathlib.Algebra.Module.Submodule.Ker,LinearMap.injective_codRestrict_iff,[Ring R],Ring,Semiring,2,1,,unused
Algebra,Mathlib.Algebra.Module.Torsion.Basic,Submodule._root_.Module.isTorsionBySet_annihilator_top,[CommSemiring R],CommSemiring,Semiring,1,0,,unused
Algebra,Mathlib.Algebra.Module.Torsion.Basic,infinite_range_add_smul_iff,[IsDomain R],IsDomain,NoZeroDivisors,3,0,,unused
Algebra,Mathlib.Algebra.MonoidAlgebra.Degree,AddMonoidAlgebra.le_infDegree_mul,[AddZeroClass A],AddZeroClass,AddZero,1,0,,unused
Algebra,Mathlib.Algebra.MonoidAlgebra.Degree,AddMonoidAlgebra.monic_one,[AddZeroClass A],AddZeroClass,AddZero,1,0,,unused
Algebra,Mathlib.Algebra.MonoidAlgebra.Degree,AddMonoidAlgebra.supDegree_mem_support,[AddZeroClass A],AddZeroClass,AddZero,1,0,,unused
Algebra,Mathlib.Algebra.Order.AbsoluteValue.Basic,IsAbsoluteValue.abv_sub_le,[Ring S],Ring,Semiring,2,1,,unused
Algebra,Mathlib.Algebra.Order.Algebra,IsOrderedModule.of_algebraMap_mono,[PartialOrder α],PartialOrder,Preorder,1,0,,unused
Algebra,Mathlib.Algebra.Order.Algebra,IsOrderedModule.of_algebraMap_mono,[PartialOrder β],PartialOrder,Preorder,1,0,,unused
Algebra,Mathlib.Algebra.Order.Algebra,algebraMap_le_algebraMap,[PartialOrder α],PartialOrder,Preorder,1,0,,unused
Algebra,Mathlib.Algebra.Order.Algebra,algebraMap_lt_algebraMap,[PartialOrder α],PartialOrder,Preorder,1,0,,unused
Algebra,Mathlib.Algebra.Order.Algebra,algebraMap_mono,[PartialOrder α],PartialOrder,Preorder,1,0,,unused
Algebra,Mathlib.Algebra.Order.Algebra,algebraMap_mono,[PartialOrder β],PartialOrder,Preorder,1,0,,unused
Algebra,Mathlib.Algebra.Order.Algebra,algebraMap_strictMono,[PartialOrder α],PartialOrder,Preorder,1,0,,unused
Algebra,Mathlib.Algebra.Order.Algebra,isOrderedModule_iff_algebraMap_mono,[PartialOrder α],PartialOrder,Preorder,1,0,,unused
Algebra,Mathlib.Algebra.Order.Algebra,isOrderedModule_iff_algebraMap_mono,[PartialOrder β],PartialOrder,Preorder,1,0,,unused
Algebra,Mathlib.Algebra.Order.Archimedean.Basic,archimedean_iff_nat_lt,[Field K],Field,DivisionRing,1,0,,unused
Algebra,Mathlib.Algebra.Order.Archimedean.Basic,exists_rat_lt,[Field K],Field,DivisionRing,1,0,,replaceable
Algebra,Mathlib.Algebra.Order.Archimedean.Basic,exists_rat_lt,[LinearOrder K],LinearOrder,PartialOrder,2,0,,replaceable
Algebra,Mathlib.Algebra.Order.Archimedean.Defs,exists_pow_lt,[LinearOrder R],LinearOrder,PartialOrder,2,0,,replaceable
Algebra,Mathlib.Algebra.Order.BigOperators.Group.Finset,Finset.prod_lt_prod_of_subset_erase_union_singleton,[PartialOrder M],PartialOrder,Preorder,1,0,,replaceable
Algebra,Mathlib.Algebra.Order.BigOperators.Group.List,List.Forall₂.prod_le_prod',[Monoid M],Monoid,MulOneClass,2,0,,unused
Algebra,Mathlib.Algebra.Order.BigOperators.Group.List,List.Sublist.prod_le_prod',[Monoid M],Monoid,MulOneClass,2,0,,unused
Algebra,Mathlib.Algebra.Order.BigOperators.Group.List,List.le_prod_nonempty_of_submultiplicative_on_pred,[Monoid α],Monoid,MulOneClass,2,0,,unused
Algebra,Mathlib.Algebra.Order.BigOperators.Group.List,List.le_prod_of_mem,[Monoid M],Monoid,MulOneClass,2,0,,unused
Algebra,Mathlib.Algebra.Order.BigOperators.Group.List,List.le_prod_of_submultiplicative_on_pred,[Monoid α],Monoid,MulOneClass,2,0,,unused
Algebra,Mathlib.Algebra.Order.BigOperators.Group.List,List.one_le_prod_of_one_le,[Monoid M],Monoid,MulOneClass,2,0,,unused
Algebra,Mathlib.Algebra.Order.BigOperators.Group.List,List.sum_le_foldr_max,[AddZeroClass M],AddZeroClass,AddZero,1,0,,unused
Algebra,Mathlib.Algebra.Order.BigOperators.GroupWithZero.List,List.one_le_prod,[PartialOrder R],PartialOrder,Preorder,1,0,,unused
Algebra,Mathlib.Algebra.Order.BigOperators.GroupWithZero.List,List.prod_nonneg,[PartialOrder R],PartialOrder,Preorder,1,0,,unused
Algebra,Mathlib.Algebra.Order.BigOperators.Ring.Multiset,Multiset.le_prod_of_submultiplicative_on_pred_of_nonneg,[PartialOrder β],PartialOrder,Preorder,1,0,,unused
Algebra,Mathlib.Algebra.Order.CauSeq.Basic,CauSeq.one_not_equiv_zero,[IsDomain β],IsDomain,Nontrivial,-1,0,,unused
Algebra,Mathlib.Algebra.Order.CauSeq.Basic,CauSeq.rat_inf_continuous_lemma,[Field α],Field,CommRing,3,0,Ring,unused
Algebra,Mathlib.Algebra.Order.CauSeq.Basic,CauSeq.rat_sup_continuous_lemma,[Field α],Field,CommRing,3,0,Ring,unused
Algebra,Mathlib.Algebra.Order.Field.Basic,Mathlib.Meta.Positivity.div_ne_zero_of_ne_zero_of_pos,[PartialOrder α],PartialOrder,Preorder,1,0,,unused
Algebra,Mathlib.Algebra.Order.Field.Basic,Mathlib.Meta.Positivity.div_ne_zero_of_pos_of_ne_zero,[PartialOrder α],PartialOrder,Preorder,1,0,,unused
Algebra,Mathlib.Algebra.Order.Field.Basic,div_neg_iff,[Field α],Field,DivisionRing,1,0,,unused
Algebra,Mathlib.Algebra.Order.Field.Basic,div_nonneg_iff,[Field α],Field,DivisionRing,1,0,,unused
Algebra,Mathlib.Algebra.Order.Field.Basic,div_nonpos_iff,[Field α],Field,DivisionRing,1,0,,unused
Algebra,Mathlib.Algebra.Order.Field.Basic,div_pos_iff,[Field α],Field,DivisionRing,1,0,,unused
Algebra,Mathlib.Algebra.Order.Field.Power,Even.zpow_nonneg,[Field α],Field,DivisionRing,1,0,,unused
Algebra,Mathlib.Algebra.Order.Field.Power,Even.zpow_pos_iff,[Field α],Field,DivisionRing,1,0,,unused
Algebra,Mathlib.Algebra.Order.Field.Power,Nat.cast_le_pow_sub_div_sub,[Field α],Field,DivisionRing,1,0,,replaceable
Algebra,Mathlib.Algebra.Order.Floor.Ring,Int.sub_floor_div_mul_lt,[Field k],Field,DivisionRing,1,0,,replaceable
Algebra,Mathlib.Algebra.Order.Floor.Ring,Int.sub_floor_div_mul_nonneg,[Field k],Field,DivisionRing,1,0,,replaceable
Algebra,Mathlib.Algebra.Order.Floor.Semifield,Mathlib.Meta.NormNum.IsRat.natFloor,[Field R],Field,CommRing,3,0,Ring,replaceable
Algebra,Mathlib.Algebra.Order.Floor.Semiring,Nat.ceil_mono,[LinearOrder R],LinearOrder,PartialOrder,2,0,,unused
Algebra,Mathlib.Algebra.Order.Floor.Semiring,Nat.floor_le,[LinearOrder R],LinearOrder,PartialOrder,2,0,,unused
Algebra,Mathlib.Algebra.Order.Floor.Semiring,Nat.le_ceil,[LinearOrder R],LinearOrder,PartialOrder,2,0,,unused
Algebra,Mathlib.Algebra.Order.Group.Basic,zpow_left_mono,[PartialOrder α],PartialOrder,Preorder,1,0,,unused
Algebra,Mathlib.Algebra.Order.Group.Basic,zpow_right_mono,[PartialOrder α],PartialOrder,Preorder,1,0,,unused
Algebra,Mathlib.Algebra.Order.Group.Defs,inv_le_inv',[PartialOrder α],PartialOrder,Preorder,1,0,,unused
Algebra,Mathlib.Algebra.Order.Group.Defs,inv_le_one_of_one_le,[PartialOrder α],PartialOrder,Preorder,1,0,,unused
Algebra,Mathlib.Algebra.Order.Group.Defs,one_le_inv_of_le_one,[PartialOrder α],PartialOrder,Preorder,1,0,,unused
Algebra,Mathlib.Algebra.Order.Group.Indicator,Set.mulIndicator_apply_le,[Monoid M],Monoid,MulOneClass,2,0,,unused
Algebra,Mathlib.Algebra.Order.Group.Indicator,Set.mulIndicator_apply_le,[PartialOrder M],PartialOrder,Preorder,1,0,,unused
Algebra,Mathlib.Algebra.Order.Group.Indicator,Set.mulIndicator_le,[Monoid M],Monoid,MulOneClass,2,0,,unused
Algebra,Mathlib.Algebra.Order.Group.Indicator,Set.mulIndicator_le,[PartialOrder M],PartialOrder,Preorder,1,0,,unused
Algebra,Mathlib.Algebra.Order.Group.Indicator,Set.mulIndicator_le_self,[Monoid M],Monoid,MulOneClass,2,0,,unused
Algebra,Mathlib.Algebra.Order.Group.Indicator,Set.mulIndicator_le_self,[PartialOrder M],PartialOrder,Preorder,1,0,,unused
Algebra,Mathlib.Algebra.Order.Group.PosPart,oneLePart_lt,[Group α],Group,DivInvMonoid,2,0,,unused
Algebra,Mathlib.Algebra.Order.Group.PosPart,one_lt_oneLePart_iff,[Group α],Group,DivInvMonoid,2,0,,unused
Algebra,Mathlib.Algebra.Order.GroupWithZero.Basic,Monotone.mul_strictMono,[PartialOrder M₀],PartialOrder,Preorder,1,0,,unused
Algebra,Mathlib.Algebra.Order.GroupWithZero.Basic,StrictMono.mul_monotone,[PartialOrder M₀],PartialOrder,Preorder,1,0,,unused
Algebra,Mathlib.Algebra.Order.GroupWithZero.Basic,sq_pos_of_pos,[PartialOrder M₀],PartialOrder,Preorder,1,0,,unused
Algebra,Mathlib.Algebra.Order.GroupWithZero.Basic,strictMono_mul_left_of_pos,[PartialOrder M₀],PartialOrder,Preorder,1,0,,unused
Algebra,Mathlib.Algebra.Order.GroupWithZero.Canonical,WithZero.isOrderedAddMonoid,[PartialOrder α],PartialOrder,Preorder,1,0,,unused
Algebra,Mathlib.Algebra.Order.GroupWithZero.Canonical,WithZero.le_log_iff_exp_le,[AddGroup G],AddGroup,AddMonoid,2,1,,replaceable
Algebra,Mathlib.Algebra.Order.GroupWithZero.Canonical,WithZero.log_le_iff_le_exp,[AddGroup G],AddGroup,SubNegMonoid,2,0,,unused
Algebra,Mathlib.Algebra.Order.GroupWithZero.Canonical,WithZero.log_lt_iff_lt_exp,[AddGroup G],AddGroup,SubNegMonoid,2,0,,unused
Algebra,Mathlib.Algebra.Order.GroupWithZero.Canonical,WithZero.lt_log_iff_exp_lt,[AddGroup G],AddGroup,AddMonoid,2,1,,replaceable
Algebra,Mathlib.Algebra.Order.Interval.Basic,NonemptyInterval.one_mem_one,[PartialOrder α],PartialOrder,Preorder,1,0,,unused
Algebra,Mathlib.Algebra.Order.Interval.Set.Group,Set.add_mem_Icc_iff_left,[PartialOrder α],PartialOrder,Preorder,1,0,,unused
Algebra,Mathlib.Algebra.Order.Interval.Set.Group,Set.add_mem_Icc_iff_right,[PartialOrder α],PartialOrder,Preorder,1,0,,unused
Algebra,Mathlib.Algebra.Order.Interval.Set.Group,Set.inv_mem_Icc_iff,[PartialOrder α],PartialOrder,Preorder,1,0,,unused
Algebra,Mathlib.Algebra.Order.Interval.Set.Group,Set.sub_mem_Icc_iff_left,[PartialOrder α],PartialOrder,Preorder,1,0,,unused
Algebra,Mathlib.Algebra.Order.Interval.Set.Group,Set.sub_mem_Icc_iff_right,[PartialOrder α],PartialOrder,Preorder,1,0,,unused
Algebra,Mathlib.Algebra.Order.Module.Defs,PosSMulMono.of_smul_nonneg,[PartialOrder α],PartialOrder,Preorder,1,0,,unused
Algebra,Mathlib.Algebra.Order.Module.Defs,PosSMulMono.of_smul_nonneg,[PartialOrder β],PartialOrder,Preorder,1,0,,unused
Algebra,Mathlib.Algebra.Order.Module.Defs,PosSMulMono.toPosSMulStrictMono,[AddCommGroup β],AddCommGroup,AddCommMonoid,2,1,,unused
Algebra,Mathlib.Algebra.Order.Module.Defs,SMulPosMono.toSMulPosStrictMono,[IsDomain α],IsDomain,NoZeroDivisors,3,0,,unused
Algebra,Mathlib.Algebra.Order.Module.Defs,SMulPosMono.toSMulPosStrictMono,[PartialOrder α],PartialOrder,Preorder,1,0,,unused
Algebra,Mathlib.Algebra.Order.Module.Defs,SMulPosReflectLT.toSMulPosReflectLE,[IsDomain α],IsDomain,NoZeroDivisors,3,0,,unused
Algebra,Mathlib.Algebra.Order.Module.Defs,SMulPosReflectLT.toSMulPosReflectLE,[PartialOrder α],PartialOrder,Preorder,1,0,,unused
Algebra,Mathlib.Algebra.Order.Module.Defs,le_of_smul_le_smul_of_neg,[PartialOrder β],PartialOrder,Preorder,1,0,,unused
Algebra,Mathlib.Algebra.Order.Module.Defs,neg_of_smul_neg_left',[LinearOrder α],LinearOrder,PartialOrder,2,0,Preorder,unused
Algebra,Mathlib.Algebra.Order.Module.Defs,neg_of_smul_neg_right',[LinearOrder β],LinearOrder,PartialOrder,2,0,Preorder,unused
Algebra,Mathlib.Algebra.Order.Module.Defs,smul_le_smul_iff_of_neg_left,[PartialOrder β],PartialOrder,Preorder,1,0,,unused
Algebra,Mathlib.Algebra.Order.Module.Defs,smul_le_smul_of_nonpos_left,[PartialOrder β],PartialOrder,Preorder,1,0,,unused
Algebra,Mathlib.Algebra.Order.Module.Defs,smul_nonneg_of_nonpos_of_nonpos,[Ring α],Ring,Semiring,2,1,,unused
Algebra,Mathlib.Algebra.Order.Monoid.Lex,MonoidHom.fst_mono,[Monoid α],Monoid,MulOneClass,2,0,,unused
Algebra,Mathlib.Algebra.Order.Monoid.Lex,MonoidHom.inl_mono,[Monoid α],Monoid,MulOneClass,2,0,,unused
Algebra,Mathlib.Algebra.Order.Monoid.Lex,MonoidHom.inl_strictMono,[Monoid α],Monoid,MulOneClass,2,0,,unused
Algebra,Mathlib.Algebra.Order.Monoid.Lex,MonoidHom.inr_mono,[Monoid α],Monoid,MulOneClass,2,0,,unused
Algebra,Mathlib.Algebra.Order.Monoid.Lex,MonoidHom.inr_strictMono,[Monoid α],Monoid,MulOneClass,2,0,,unused
Algebra,Mathlib.Algebra.Order.Monoid.Lex,MonoidHom.snd_mono,[Monoid α],Monoid,MulOneClass,2,0,,unused
Algebra,Mathlib.Algebra.Order.Monoid.Unbundled.Pow,pow_le_pow_iff_right',[LinearOrder M],LinearOrder,PartialOrder,2,0,Preorder,unused
Algebra,Mathlib.Algebra.Order.Monoid.Unbundled.Pow,pow_lt_pow_iff_right',[LinearOrder M],LinearOrder,PartialOrder,2,0,Preorder,unused
Algebra,Mathlib.Algebra.Order.Ring.Canonical,CanonicallyOrderedAdd.mul_pos,[CommSemiring R],CommSemiring,Semiring,1,0,NonUnitalSemiring,unused
Algebra,Mathlib.Algebra.Order.Ring.Canonical,CanonicallyOrderedAdd.pow_pos,[CommSemiring R],CommSemiring,Semiring,1,0,,replaceable
Algebra,Mathlib.Algebra.Order.Ring.Canonical,CanonicallyOrderedAdd.toIsOrderedMonoid,[PartialOrder R],PartialOrder,Preorder,1,0,,unused
Algebra,Mathlib.Algebra.Order.Ring.Canonical,CanonicallyOrderedAdd.toIsOrderedRing,[CommSemiring R],CommSemiring,Semiring,1,0,,replaceable
Algebra,Mathlib.Algebra.Order.Ring.Cast,Int.cast_one_le_of_pos,[LinearOrder R],LinearOrder,PartialOrder,2,0,,unused
Algebra,Mathlib.Algebra.Order.Ring.IsNonarchimedean,IsNonarchimedean.multiset_image_add,[Semiring R],Semiring,AddCommMonoid,4,0,AddZeroClass,unused
Algebra,Mathlib.Algebra.Order.Ring.IsNonarchimedean,IsNonarchimedean.nsmul_le,[Semiring R],Semiring,AddCommMonoid,4,0,AddZeroClass,unused
Algebra,Mathlib.Algebra.Order.Ring.Unbundled.Basic,mul_le_mul_of_nonpos_left,[Semiring R],Semiring,NonUnitalSemiring,1,0,,unused
Algebra,Mathlib.Algebra.Order.Ring.Unbundled.Basic,mul_le_mul_of_nonpos_right,[Semiring R],Semiring,NonUnitalSemiring,1,0,,unused
Algebra,Mathlib.Algebra.Order.Ring.Unbundled.Basic,mul_lt_mul_of_neg_left,[PartialOrder R],PartialOrder,Preorder,1,0,,unused
Algebra,Mathlib.Algebra.Order.Ring.Unbundled.Basic,mul_lt_mul_of_neg_left,[Semiring R],Semiring,NonUnitalSemiring,1,0,,unused
Algebra,Mathlib.Algebra.Order.Ring.Unbundled.Basic,mul_lt_mul_of_neg_right,[PartialOrder R],PartialOrder,Preorder,1,0,,unused
Algebra,Mathlib.Algebra.Order.Ring.Unbundled.Basic,mul_lt_mul_of_neg_right,[Semiring R],Semiring,NonUnitalSemiring,1,0,,unused
Algebra,Mathlib.Algebra.Order.Ring.Unbundled.Basic,mul_nonneg_iff_of_pos_left,[Semiring R],Semiring,NonUnitalSemiring,1,0,,unused
Algebra,Mathlib.Algebra.Order.Ring.Unbundled.Basic,mul_nonneg_iff_of_pos_right,[Semiring R],Semiring,NonUnitalSemiring,1,0,,unused
Algebra,Mathlib.Algebra.Order.Ring.Unbundled.Basic,neg_one_lt_zero,[LinearOrder R],LinearOrder,PartialOrder,2,0,,unused
Algebra,Mathlib.Algebra.Order.Ring.Unbundled.Basic,nonneg_and_nonneg_or_nonpos_and_nonpos_of_mul_nonneg,[Semiring R],Semiring,NonUnitalSemiring,1,0,,unused
Algebra,Mathlib.Algebra.Order.Ring.Unbundled.Basic,nonneg_of_mul_nonneg_left,[Semiring R],Semiring,NonUnitalSemiring,1,0,,unused
Algebra,Mathlib.Algebra.Order.Ring.Unbundled.Basic,nonneg_of_mul_nonneg_right,[Semiring R],Semiring,NonUnitalSemiring,1,0,,unused
Algebra,Mathlib.Algebra.Order.Ring.Unbundled.Basic,nonpos_of_mul_nonneg_left,[Semiring R],Semiring,NonUnitalSemiring,1,0,,unused
Algebra,Mathlib.Algebra.Order.Ring.Unbundled.Basic,nonpos_of_mul_nonneg_right,[Semiring R],Semiring,NonUnitalSemiring,1,0,,unused
Algebra,Mathlib.Algebra.Order.Ring.Unbundled.Basic,nonpos_of_mul_nonpos_left,[Semiring R],Semiring,NonUnitalSemiring,1,0,,unused
Algebra,Mathlib.Algebra.Order.Ring.Unbundled.Basic,nonpos_of_mul_nonpos_right,[Semiring R],Semiring,NonUnitalSemiring,1,0,,unused
Algebra,Mathlib.Algebra.Order.Ring.Unbundled.Basic,sub_one_lt,[LinearOrder R],LinearOrder,PartialOrder,2,0,,replaceable
Algebra,Mathlib.Algebra.Order.Star.Basic,IsSelfAdjoint.map',[AddCommGroup E],AddCommGroup,AddGroup,1,0,,unused
Algebra,Mathlib.Algebra.Order.Star.Basic,IsSelfAdjoint.map',[StarAddMonoid E],StarAddMonoid,InvolutiveStar,-1,0,,unused
Algebra,Mathlib.Algebra.Order.Sub.Defs,lt_tsub_iff_right,[AddCommSemigroup α],AddCommSemigroup,AddCommMagma,2,0,,unused
Algebra,Mathlib.Algebra.Order.Sub.Defs,tsub_le_iff_left,[AddCommSemigroup α],AddCommSemigroup,AddCommMagma,2,0,,unused
Algebra,Mathlib.Algebra.Order.Sub.Unbundled.Hom,AddMonoidHom.le_map_tsub,[AddCommMonoid α],AddCommMonoid,AddMonoid,1,0,AddZeroClass,unused
Algebra,Mathlib.Algebra.Order.Sub.Unbundled.Hom,AddMonoidHom.le_map_tsub,[AddZeroClass β],AddZeroClass,AddZero,1,0,,unused
Algebra,Mathlib.Algebra.Order.SuccPred,Order.not_isSuccLimit_add_one,[PartialOrder α],PartialOrder,Preorder,1,0,,unused
Algebra,Mathlib.Algebra.Order.SuccPred,Order.not_isSuccPrelimit_add_one,[PartialOrder α],PartialOrder,Preorder,1,0,,unused
Algebra,Mathlib.Algebra.Order.WithTop.Untop0,WithTop.le_of_untop₀_le_untop₀,[AddCommGroup α],AddCommGroup,AddCommMonoid,2,1,AddZeroClass,unused
Algebra,Mathlib.Algebra.Order.WithTop.Untop0,WithTop.le_of_untop₀_le_untop₀,[PartialOrder α],PartialOrder,Preorder,1,0,,unused
Algebra,Mathlib.Algebra.Order.WithTop.Untop0,WithTop.untop₀_le_untop₀,[AddCommGroup α],AddCommGroup,AddCommMonoid,2,1,AddZeroClass,unused
Algebra,Mathlib.Algebra.Order.WithTop.Untop0,WithTop.untop₀_le_untop₀,[PartialOrder α],PartialOrder,Preorder,1,0,,unused
Algebra,Mathlib.Algebra.Order.WithTop.Untop0,WithTop.untop₀_le_untop₀_iff,[AddCommGroup α],AddCommGroup,AddCommMonoid,2,1,AddZeroClass,unused
Algebra,Mathlib.Algebra.Order.WithTop.Untop0,WithTop.untop₀_le_untop₀_iff,[PartialOrder α],PartialOrder,Preorder,1,0,,unused
Algebra,Mathlib.Algebra.Order.WithTop.Untop0,WithTop.untop₀_nonneg,[AddCommGroup α],AddCommGroup,AddCommMonoid,2,1,AddZeroClass,unused
Algebra,Mathlib.Algebra.Order.WithTop.Untop0,WithTop.untop₀_nonneg,[PartialOrder α],PartialOrder,Preorder,1,0,,unused
Algebra,Mathlib.Algebra.Polynomial.AlgebraMap,Polynomial.dvd_term_of_dvd_eval_of_dvd_terms,[CommRing S],CommRing,Ring,1,0,,unused
Algebra,Mathlib.Algebra.Polynomial.Div,Polynomial.le_rootMultiplicity_iff,[CommRing R],CommRing,Ring,1,0,,replaceable
Algebra,Mathlib.Algebra.Polynomial.Eval.Coeff,Polynomial.IsRoot.map,[CommSemiring R],CommSemiring,Semiring,1,0,,unused
Algebra,Mathlib.Algebra.Polynomial.FieldDivision,Polynomial.not_irreducible_C,[Field R],Field,DivisionRing,1,0,,unused
Algebra,Mathlib.Algebra.Polynomial.Module.FiniteDimensional,Module.AEval.isTorsion_of_finiteDimensional,[AddCommGroup M],AddCommGroup,AddCommMonoid,2,1,,replaceable
Algebra,Mathlib.Algebra.Polynomial.Roots,Polynomial.Monic.isUnit_leadingCoeff_of_dvd,[IsDomain R],IsDomain,NoZeroDivisors,3,0,,unused
Algebra,Mathlib.Algebra.Polynomial.Roots,Polynomial.le_rootMultiplicity_map,[CommRing A],CommRing,Ring,1,0,,unused
Algebra,Mathlib.Algebra.Polynomial.Sequence,Polynomial.Sequence.linearIndependent,[IsDomain R],IsDomain,NoZeroDivisors,3,0,,replaceable
Algebra,Mathlib.Algebra.Regular.SMul,IsSMulRegular.mul_iff,[CommSemigroup R],CommSemigroup,CommMagma,2,0,,unused
Algebra,Mathlib.Algebra.Ring.NonZeroDivisors,IsMulTorsionFree.pow_right_injective,[CancelMonoid M],CancelMonoid,LeftCancelMonoid,-1,0,,unused
Algebra,Mathlib.Algebra.Ring.SumsOfSquares,IsSumSq.sum_sq,[CommSemiring R],CommSemiring,Semiring,1,0,,unused
Algebra,Mathlib.Algebra.Squarefree.Basic,Squarefree.isRadical,[CommMonoidWithZero R],CommMonoidWithZero,CommMonoid,4,0,,unused
Algebra,Mathlib.Algebra.Squarefree.Basic,squarefree_iff_emultiplicity_le_one,[CommMonoid R],CommMonoid,Monoid,1,0,,unused
Algebra,Mathlib.Algebra.Star.SelfAdjoint,IsSelfAdjoint.div,[StarRing R],StarRing,StarMul,-1,0,,unused
Algebra,Mathlib.Algebra.Star.SelfAdjoint,IsSelfAdjoint.mul,[CommSemigroup R],CommSemigroup,CommMagma,2,0,,unused
Algebra,Mathlib.Algebra.Star.StarProjection,IsStarProjection.mul,[StarRing R],StarRing,StarMul,-1,0,,unused
AlgebraicGeometry,Mathlib.AlgebraicGeometry.EllipticCurve.Affine.AddSubMap,WeierstrassCurve.CXY,[CommRing R],CommRing,CommSemiring,2,1,,unclassified
Analysis,Mathlib.Analysis.AbsoluteValue.Equivalence,AbsoluteValue.IsEquiv.log_div_log_pos,[Field F],Field,DivisionRing,1,0,,unused
Analysis,Mathlib.Analysis.AbsoluteValue.Equivalence,AbsoluteValue.isEquiv_iff_lt_one_iff,[Field R],Field,DivisionRing,1,0,,unused
Analysis,Mathlib.Analysis.Asymptotics.AsymptoticEquivalent,Asymptotics.IsEquivalent.add_isLittleO,[NormedAddCommGroup β],NormedAddCommGroup,SeminormedAddCommGroup,1,0,,unused
Analysis,Mathlib.Analysis.Asymptotics.AsymptoticEquivalent,Asymptotics.IsEquivalent.comp_tendsto,[NormedAddCommGroup β],NormedAddCommGroup,SeminormedAddCommGroup,1,0,,unused
Analysis,Mathlib.Analysis.Asymptotics.AsymptoticEquivalent,Asymptotics.IsEquivalent.congr_left,[NormedAddCommGroup β],NormedAddCommGroup,SeminormedAddCommGroup,1,0,,unused
Analysis,Mathlib.Analysis.Asymptotics.AsymptoticEquivalent,Asymptotics.IsEquivalent.mono,[NormedAddCommGroup β],NormedAddCommGroup,SeminormedAddCommGroup,1,0,,unused
Analysis,Mathlib.Analysis.Asymptotics.AsymptoticEquivalent,Asymptotics.IsEquivalent.refl,[NormedAddCommGroup β],NormedAddCommGroup,SeminormedAddCommGroup,1,0,,unused
Analysis,Mathlib.Analysis.Asymptotics.AsymptoticEquivalent,Asymptotics.isEquivalent_map,[NormedAddCommGroup β],NormedAddCommGroup,SeminormedAddCommGroup,1,0,,unused
Analysis,Mathlib.Analysis.Asymptotics.Defs,Asymptotics.isBigOWith_self_const_mul,[NormedRing S],NormedRing,NonUnitalNormedRing,2,0,,unused
Analysis,Mathlib.Analysis.Asymptotics.Lemmas,Asymptotics.continuousAt_iff_isLittleO,[NormedRing E],NormedRing,NonUnitalNormedRing,2,0,,unused
Analysis,Mathlib.Analysis.Asymptotics.SpecificAsymptotics,Asymptotics.IsBigO.trans_tendsto_norm_atTop,[NormedField 𝕜],NormedField,NormedRing,3,0,,unused
Analysis,Mathlib.Analysis.Asymptotics.SpecificAsymptotics,pow_div_pow_eventuallyEq_atBot,[Field 𝕜],Field,DivisionRing,1,0,,unused
Analysis,Mathlib.Analysis.Asymptotics.SpecificAsymptotics,pow_div_pow_eventuallyEq_atBot,[LinearOrder 𝕜],LinearOrder,PartialOrder,2,0,,replaceable
Analysis,Mathlib.Analysis.Asymptotics.SpecificAsymptotics,pow_div_pow_eventuallyEq_atTop,[Field 𝕜],Field,DivisionRing,1,0,,unused
Analysis,Mathlib.Analysis.Asymptotics.SpecificAsymptotics,pow_div_pow_eventuallyEq_atTop,[LinearOrder 𝕜],LinearOrder,PartialOrder,2,0,,replaceable
Analysis,Mathlib.Analysis.CStarAlgebra.Unitization,Unitization.norm_splitMul_snd_sq,[StarRing 𝕜],StarRing,StarMul,-1,0,,unused
Analysis,Mathlib.Analysis.Calculus.FDeriv.Add,HasFDerivAtFilter.add,[NormedAddCommGroup E],NormedAddCommGroup,SeminormedAddCommGroup,1,0,,unused
Analysis,Mathlib.Analysis.Calculus.FDeriv.Add,HasFDerivAtFilter.fun_sum,[NormedAddCommGroup E],NormedAddCommGroup,SeminormedAddCommGroup,1,0,,unused
Analysis,Mathlib.Analysis.Calculus.FDeriv.Add,HasStrictFDerivAt.fun_sum,[NormedAddCommGroup E],NormedAddCommGroup,SeminormedAddCommGroup,1,0,,unused
Analysis,Mathlib.Analysis.Calculus.FDeriv.Add,hasFDerivWithinAt_comp_add_left,[NormedAddCommGroup E],NormedAddCommGroup,SeminormedAddCommGroup,1,0,,unused
Analysis,Mathlib.Analysis.Calculus.FDeriv.Add,hasStrictFDerivAt_add_const_iff,[NormedAddCommGroup E],NormedAddCommGroup,SeminormedAddCommGroup,1,0,,unused
Analysis,Mathlib.Analysis.Calculus.FDeriv.Basic,HasFDerivAt.isBigO_sub,[NormedAddCommGroup E],NormedAddCommGroup,SeminormedAddCommGroup,1,0,,unused
Analysis,Mathlib.Analysis.Calculus.FDeriv.Basic,HasFDerivAt.isTheta_sub,[NormedAddCommGroup E],NormedAddCommGroup,SeminormedAddCommGroup,1,0,,unused
Analysis,Mathlib.Analysis.Calculus.FDeriv.Basic,HasFDerivAtFilter.isBigO_sub,[NormedAddCommGroup E],NormedAddCommGroup,SeminormedAddCommGroup,1,0,,unused
Analysis,Mathlib.Analysis.Calculus.FDeriv.Basic,HasFDerivAtFilter.isEquivalent_sub,[NormedAddCommGroup F],NormedAddCommGroup,SeminormedAddCommGroup,1,0,,unused
Analysis,Mathlib.Analysis.Calculus.FDeriv.Basic,HasFDerivAtFilter.isTheta_sub,[NormedAddCommGroup E],NormedAddCommGroup,SeminormedAddCommGroup,1,0,,unused
Analysis,Mathlib.Analysis.Calculus.FDeriv.Basic,HasFDerivWithinAt.isBigO_sub,[NormedAddCommGroup E],NormedAddCommGroup,SeminormedAddCommGroup,1,0,,unused
Analysis,Mathlib.Analysis.Calculus.FDeriv.Basic,HasFDerivWithinAt.isTheta_sub,[NormedAddCommGroup E],NormedAddCommGroup,SeminormedAddCommGroup,1,0,,unused
Analysis,Mathlib.Analysis.Calculus.FDeriv.Basic,HasStrictFDerivAt.exists_lipschitzOnWith_of_nnnorm_lt,[NormedAddCommGroup E],NormedAddCommGroup,SeminormedAddCommGroup,1,0,,unused
Analysis,Mathlib.Analysis.Calculus.FDeriv.Basic,HasStrictFDerivAt.isBigO_sub,[NormedAddCommGroup E],NormedAddCommGroup,SeminormedAddCommGroup,1,0,,unused
Analysis,Mathlib.Analysis.Calculus.FDeriv.Basic,HasStrictFDerivAt.isTheta_sub,[NormedAddCommGroup E],NormedAddCommGroup,SeminormedAddCommGroup,1,0,,unused
Analysis,Mathlib.Analysis.Calculus.FDeriv.Basic,hasFDerivAt_iff_isLittleO_nhds_zero,[NormedAddCommGroup E],NormedAddCommGroup,SeminormedAddCommGroup,1,0,,unused
Analysis,Mathlib.Analysis.Calculus.FDeriv.Comp,HasFDerivAtFilter.comp,[NormedAddCommGroup E],NormedAddCommGroup,SeminormedAddCommGroup,1,0,,unused
Analysis,Mathlib.Analysis.Calculus.FDeriv.Comp,HasFDerivAtFilter.comp,[NormedAddCommGroup F],NormedAddCommGroup,SeminormedAddCommGroup,1,0,,unused
Analysis,Mathlib.Analysis.Calculus.FDeriv.CompCLM,HasFDerivAt.continuousAlternatingMap_apply_const,[NormedAddCommGroup F],NormedAddCommGroup,SeminormedAddCommGroup,1,0,,unused
Analysis,Mathlib.Analysis.Calculus.FDeriv.CompCLM,HasFDerivWithinAt.continuousAlternatingMap_apply_const,[NormedAddCommGroup F],NormedAddCommGroup,SeminormedAddCommGroup,1,0,,unused
Analysis,Mathlib.Analysis.Calculus.FDeriv.CompCLM,HasStrictFDerivAt.continuousAlternatingMap_apply_const,[NormedAddCommGroup F],NormedAddCommGroup,SeminormedAddCommGroup,1,0,,unused
Analysis,Mathlib.Analysis.Calculus.FDeriv.Equiv,ContinuousLinearEquiv.hasFDerivAt,[NormedAddCommGroup E],NormedAddCommGroup,SeminormedAddCommGroup,1,0,,unused
Analysis,Mathlib.Analysis.Calculus.FDeriv.Equiv,ContinuousLinearEquiv.hasFDerivWithinAt,[NormedAddCommGroup E],NormedAddCommGroup,SeminormedAddCommGroup,1,0,,unused
Analysis,Mathlib.Analysis.Calculus.FDeriv.Equiv,ContinuousLinearEquiv.hasStrictFDerivAt,[NormedAddCommGroup E],NormedAddCommGroup,SeminormedAddCommGroup,1,0,,unused
Analysis,Mathlib.Analysis.Calculus.FDeriv.Equiv,has_fderiv_at_filter_real_equiv,[NormedAddCommGroup E],NormedAddCommGroup,SeminormedAddCommGroup,1,0,,unused
Analysis,Mathlib.Analysis.Calculus.FDeriv.Linear,IsBoundedLinearMap.hasFDerivAtFilter,[NormedAddCommGroup E],NormedAddCommGroup,SeminormedAddCommGroup,1,0,,unused
Analysis,Mathlib.Analysis.Calculus.FDeriv.Prod,HasFDerivAtFilter.prodMk,[NormedAddCommGroup E],NormedAddCommGroup,SeminormedAddCommGroup,1,0,,unused
Analysis,Mathlib.Analysis.Calculus.FDeriv.Prod,HasFDerivAtFilter.prodMk,[NormedAddCommGroup F],NormedAddCommGroup,SeminormedAddCommGroup,1,0,,unused
Analysis,Mathlib.Analysis.Calculus.FDeriv.Prod,hasFDerivAtFilter_fst,[NormedAddCommGroup E],NormedAddCommGroup,SeminormedAddCommGroup,1,0,,unused
Analysis,Mathlib.Analysis.Calculus.FDeriv.Prod,hasFDerivAtFilter_snd,[NormedAddCommGroup E],NormedAddCommGroup,SeminormedAddCommGroup,1,0,,unused
Analysis,Mathlib.Analysis.Calculus.FDeriv.RestrictScalars,HasFDerivAtFilter.restrictScalars,[NormedAddCommGroup E],NormedAddCommGroup,SeminormedAddCommGroup,1,0,,unused
Analysis,Mathlib.Analysis.Complex.CoveringMap,isQuotientCoveringMap_npow,[NontriviallyNormedField 𝕜],NontriviallyNormedField,NormedField,1,0,,replaceable
Analysis,Mathlib.Analysis.Complex.Hadamard,Complex.HadamardThreeLines.scale_bddAbove,[NormedAddCommGroup E],NormedAddCommGroup,SeminormedAddCommGroup,1,0,,unused
Analysis,Mathlib.Analysis.Complex.Hadamard,Complex.HadamardThreeLines.scale_bound_left,[NormedAddCommGroup E],NormedAddCommGroup,SeminormedAddCommGroup,1,0,,unused
Analysis,Mathlib.Analysis.Complex.Hadamard,Complex.HadamardThreeLines.scale_bound_right,[NormedAddCommGroup E],NormedAddCommGroup,SeminormedAddCommGroup,1,0,,unused
Analysis,Mathlib.Analysis.Complex.UpperHalfPlane.FunctionsBoundedAtInfty,UpperHalfPlane.zero_form_isBoundedAtImInfty,[NormedField α],NormedField,NormedRing,3,0,,unused
Analysis,Mathlib.Analysis.Convex.AmpleSet,ampleSet_univ,[NormedAddCommGroup F],NormedAddCommGroup,SeminormedAddCommGroup,1,0,,replaceable
Analysis,Mathlib.Analysis.Convex.Basic,Convex.add_smul_mem,[AddCommGroup E],AddCommGroup,AddCommMonoid,2,1,,unused
Analysis,Mathlib.Analysis.Convex.Basic,Convex.mem_smul_of_zero_mem,[Field 𝕜],Field,DivisionRing,1,0,,unused
Analysis,Mathlib.Analysis.Convex.Basic,Convex.neg,[Ring 𝕜],Ring,Semiring,2,1,,unused
Analysis,Mathlib.Analysis.Convex.Basic,Convex_subadditive_le,[LinearOrder 𝕜],LinearOrder,PartialOrder,2,0,,unused
Analysis,Mathlib.Analysis.Convex.Basic,convex_Iic,[PartialOrder β],PartialOrder,Preorder,1,0,,unused
Analysis,Mathlib.Analysis.Convex.Basic,convex_openSegment,[AddCommGroup E],AddCommGroup,AddCommMonoid,2,1,,unused
Analysis,Mathlib.Analysis.Convex.Basic,convex_vadd,[Ring 𝕜],Ring,Semiring,2,1,,unused
Analysis,Mathlib.Analysis.Convex.Between,sbtw_iff_mem_image_Ioo_and_ne,[IsDomain R],IsDomain,NoZeroDivisors,3,0,,unused
Analysis,Mathlib.Analysis.Convex.Between,wbtw_iff_of_le,[Field R],Field,DivisionRing,1,0,,replaceable
Analysis,Mathlib.Analysis.Convex.Cone.TensorProduct,PointedCone.basis_coord_mem_dual,[AddCommGroup M],AddCommGroup,AddCommMonoid,2,1,,unused
Analysis,Mathlib.Analysis.Convex.EGauge,le_egauge_smul_left,[AddCommGroup E],AddCommGroup,AddCommMonoid,2,1,,unused
Analysis,Mathlib.Analysis.Convex.EGauge,le_egauge_smul_right,[AddCommGroup E],AddCommGroup,AddCommMonoid,2,1,,unused
Analysis,Mathlib.Analysis.Convex.Gauge,Absorbent.gauge_set_nonempty,[AddCommGroup E],AddCommGroup,AddCommMonoid,2,1,,replaceable
Analysis,Mathlib.Analysis.Convex.Gauge,bddBelow_gauge_set,[AddCommGroup E],AddCommGroup,AddCommMonoid,2,1,,unclassified
Analysis,Mathlib.Analysis.Convex.Gauge,le_gauge_of_subset_closedBall,[NormedAddCommGroup E],NormedAddCommGroup,SeminormedAddCommGroup,1,0,,unused
Analysis,Mathlib.Analysis.Convex.Star,Set.OrdConnected.starConvex,[PartialOrder E],PartialOrder,Preorder,1,0,,unused
Analysis,Mathlib.Analysis.Convex.Star,StarConvex.neg,[Ring 𝕜],Ring,Semiring,2,1,,unused
Analysis,Mathlib.Analysis.Convex.Star,starConvex_iff_div,[AddCommGroup E],AddCommGroup,AddCommMonoid,2,1,,unused
Analysis,Mathlib.Analysis.Convex.Strict,StrictConvex.neg,[Ring 𝕜],Ring,Semiring,2,1,,unused
Analysis,Mathlib.Analysis.Convex.Strict,strictConvex_iff_div,[AddCommGroup E],AddCommGroup,AddCommMonoid,2,1,,unused
Analysis,Mathlib.Analysis.Fourier.FourierTransform,Real.fourierIntegral_convergent_iff',[NormedAddCommGroup V],NormedAddCommGroup,SeminormedAddCommGroup,1,0,,unused
Analysis,Mathlib.Analysis.InnerProductSpace.GramMatrix,Matrix.posSemidef_opNorm_smul_gram_sub_gram,[NormedAddCommGroup E],NormedAddCommGroup,SeminormedAddCommGroup,1,0,,unused
Analysis,Mathlib.Analysis.LocallyConvex.AbsConvex,absConvexHull_add_subset,[NontriviallyNormedField 𝕜],NontriviallyNormedField,NormedField,1,0,,unused
Analysis,Mathlib.Analysis.LocallyConvex.AbsConvex,balancedHull_convexHull_subset_absConvexHull,[AddCommGroup E],AddCommGroup,AddCommMonoid,2,1,,unused
Analysis,Mathlib.Analysis.LocallyConvex.AbsConvex,balancedHull_convexHull_subset_absConvexHull,[NontriviallyNormedField 𝕜],NontriviallyNormedField,NormedField,1,0,,unused
Analysis,Mathlib.Analysis.LocallyConvex.BalancedCoreHull,IsOpen.balancedHull,[AddCommGroup E],AddCommGroup,AddCommMonoid,2,1,,unused
Analysis,Mathlib.Analysis.LocallyConvex.BalancedCoreHull,balancedCoreAux_balanced,[AddCommGroup E],AddCommGroup,AddCommMonoid,2,1,,unused
Analysis,Mathlib.Analysis.LocallyConvex.BalancedCoreHull,balancedCoreAux_maximal,[AddCommGroup E],AddCommGroup,AddCommMonoid,2,1,,unused
Analysis,Mathlib.Analysis.LocallyConvex.BalancedCoreHull,balancedCoreAux_subset,[AddCommGroup E],AddCommGroup,AddCommMonoid,2,1,,unused
Analysis,Mathlib.Analysis.LocallyConvex.BalancedCoreHull,balancedHull.balanced,[AddCommGroup E],AddCommGroup,AddCommMonoid,2,1,,unused
Analysis,Mathlib.Analysis.LocallyConvex.BalancedCoreHull,subset_balancedHull,[AddCommGroup E],AddCommGroup,AddCommMonoid,2,1,,unused
Analysis,Mathlib.Analysis.LocallyConvex.Basic,Balanced.add,[AddCommGroup E],AddCommGroup,AddCommMonoid,2,1,,unused
Analysis,Mathlib.Analysis.LocallyConvex.Basic,Balanced.closure,[AddCommGroup E],AddCommGroup,AddCommMonoid,2,1,,unused
Analysis,Mathlib.Analysis.LocallyConvex.Basic,Balanced.closure,[NormedField 𝕜],NormedField,NormedRing,3,0,,unused
Analysis,Mathlib.Analysis.LocallyConvex.Basic,Balanced.convexHull,[AddCommGroup E],AddCommGroup,AddCommMonoid,2,1,,unused
Analysis,Mathlib.Analysis.LocallyConvex.Basic,Balanced.convexHull,[NontriviallyNormedField 𝕜],NontriviallyNormedField,NormedField,1,0,,unused
Analysis,Mathlib.Analysis.LocallyConvex.Basic,Balanced.starConvex,[AddCommGroup E],AddCommGroup,AddCommMonoid,2,1,,unused
Analysis,Mathlib.Analysis.LocallyConvex.Basic,Balanced.zero_insert_interior,[AddCommGroup E],AddCommGroup,AddCommMonoid,2,1,,unused
Analysis,Mathlib.Analysis.LocallyConvex.Basic,absorbent_nhds_zero,[AddCommGroup E],AddCommGroup,AddCommMonoid,2,1,,unused
Analysis,Mathlib.Analysis.LocallyConvex.Basic,balanced_zero,[AddCommGroup E],AddCommGroup,AddCommMonoid,2,1,,unused
Analysis,Mathlib.Analysis.LocallyConvex.Bounded,Bornology.IsVonNBounded.closure,[AddCommGroup E],AddCommGroup,AddCommMonoid,2,1,,unused
Analysis,Mathlib.Analysis.LocallyConvex.Bounded,Bornology.IsVonNBounded.of_topologicalSpace_le,[AddCommGroup E],AddCommGroup,AddCommMonoid,2,1,,unused
Analysis,Mathlib.Analysis.LocallyConvex.Polar,StrongDual.polar_nonempty,[NontriviallyNormedField 𝕜],NontriviallyNormedField,NormedField,1,0,,unused
Analysis,Mathlib.Analysis.LocallyConvex.Polar,StrongDual.zero_mem_polar,[NontriviallyNormedField 𝕜],NontriviallyNormedField,NormedField,1,0,,unused
Analysis,Mathlib.Analysis.LocallyConvex.WithSeminorms,WithSeminorms.firstCountableTopology,[NontriviallyNormedField 𝕜],NontriviallyNormedField,NormedField,1,0,,unused
Analysis,Mathlib.Analysis.LocallyConvex.WithSeminorms,WithSeminorms.continuous_of_continuous_comp,[NormedField 𝕝],NormedField,NormedRing,3,0,,unused
Analysis,Mathlib.Analysis.Normed.Affine.AddTorsorBases,isOpenMap_barycentric_coord,[MetricSpace P],MetricSpace,PseudoMetricSpace,1,0,,replaceable
Analysis,Mathlib.Analysis.Normed.Affine.AsymptoticCone,AffineSpace.asymptoticNhds_le_cobounded,[MetricSpace P],MetricSpace,PseudoMetricSpace,1,0,,replaceable
Analysis,Mathlib.Analysis.Normed.Algebra.GelfandFormula,spectrum.hasDerivAt_resolvent_const_right,[NontriviallyNormedField 𝕜],NontriviallyNormedField,NormedField,1,0,,unused
Analysis,Mathlib.Analysis.Normed.Algebra.Spectrum,spectrum.eventually_isUnit_resolvent,[NontriviallyNormedField 𝕜],NontriviallyNormedField,NormedField,1,0,,unused
Analysis,Mathlib.Analysis.Normed.Algebra.Spectrum,spectrum.isUnit_one_sub_smul_of_lt_inv_radius,[NontriviallyNormedField 𝕜],NontriviallyNormedField,NormedField,1,0,,unused
Analysis,Mathlib.Analysis.Normed.Algebra.Spectrum,spectrum.resolvent_isBigO_inv,[NontriviallyNormedField 𝕜],NontriviallyNormedField,NormedField,1,0,,replaceable
Analysis,Mathlib.Analysis.Normed.Field.WithAbs,AbsoluteValue.Completion.locallyCompactSpace,[NormedField L],NormedField,NormedRing,3,0,,replaceable
Analysis,Mathlib.Analysis.Normed.Group.CocompactMap,CocompactMapClass.norm_le,[NormedAddCommGroup E],NormedAddCommGroup,SeminormedAddCommGroup,1,0,,unused
Analysis,Mathlib.Analysis.Normed.Group.CocompactMap,Filter.tendsto_cocompact_cocompact_of_norm,[NormedAddCommGroup E],NormedAddCommGroup,SeminormedAddCommGroup,1,0,,unused
Analysis,Mathlib.Analysis.Normed.Group.Completeness,NormedAddCommGroup.completeSpace_of_summable_imp_tendsto,[NormedAddCommGroup E],NormedAddCommGroup,SeminormedAddCommGroup,1,0,,unused
Analysis,Mathlib.Analysis.Normed.Group.Completeness,NormedAddCommGroup.summable_imp_tendsto_of_complete,[NormedAddCommGroup E],NormedAddCommGroup,SeminormedAddCommGroup,1,0,,unused
Analysis,Mathlib.Analysis.Normed.Group.Continuity,controlled_prod_of_mem_closure_range,[SeminormedCommGroup E],SeminormedCommGroup,CommGroup,-1,0,Group,unused
Analysis,Mathlib.Analysis.Normed.Group.Seminorm,NonarchAddGroupSeminorm.add_bddBelow_range_add,[AddCommGroup E],AddCommGroup,AddGroup,1,0,,unused
Analysis,Mathlib.Analysis.Normed.Group.Seminorm,GroupSeminorm.mul_bddBelow_range_add,[CommGroup E],CommGroup,Group,1,0,,unused
Analysis,Mathlib.Analysis.Normed.Module.Connected,Metric.contractibleSpace_ball,[NormedAddCommGroup E],NormedAddCommGroup,SeminormedAddCommGroup,1,0,,unused
Analysis,Mathlib.Analysis.Normed.Module.Connected,Metric.contractibleSpace_closedBall,[NormedAddCommGroup E],NormedAddCommGroup,SeminormedAddCommGroup,1,0,,unused
Analysis,Mathlib.Analysis.Normed.Module.Connected,Metric.contractibleSpace_eball,[NormedAddCommGroup E],NormedAddCommGroup,SeminormedAddCommGroup,1,0,,unused
Analysis,Mathlib.Analysis.Normed.Module.Connected,Metric.isPathConnected_ball,[NormedAddCommGroup E],NormedAddCommGroup,SeminormedAddCommGroup,1,0,,unused
Analysis,Mathlib.Analysis.Normed.Module.Connected,Metric.isPathConnected_closedBall,[NormedAddCommGroup E],NormedAddCommGroup,SeminormedAddCommGroup,1,0,,unused
Analysis,Mathlib.Analysis.Normed.Module.Connected,Metric.isPathConnected_eball,[NormedAddCommGroup E],NormedAddCommGroup,SeminormedAddCommGroup,1,0,,unused
Analysis,Mathlib.Analysis.Normed.Module.Connected,Metric.isPreconnected_ball,[NormedAddCommGroup E],NormedAddCommGroup,SeminormedAddCommGroup,1,0,,unused
Analysis,Mathlib.Analysis.Normed.Module.Connected,Metric.isPreconnected_closedBall,[NormedAddCommGroup E],NormedAddCommGroup,SeminormedAddCommGroup,1,0,,unused
Analysis,Mathlib.Analysis.Normed.Module.Connected,Metric.isPreconnected_closedEBall,[NormedAddCommGroup E],NormedAddCommGroup,SeminormedAddCommGroup,1,0,,unused
Analysis,Mathlib.Analysis.Normed.Module.Connected,Metric.isPreconnected_eball,[NormedAddCommGroup E],NormedAddCommGroup,SeminormedAddCommGroup,1,0,,unused
Analysis,Mathlib.Analysis.Normed.Module.FiniteDimension,summable_of_isBigO',[NormedAddCommGroup E],NormedAddCommGroup,SeminormedAddCommGroup,1,0,,unused
Analysis,Mathlib.Analysis.Normed.Module.FiniteDimension,summable_of_isBigO_nat',[NormedAddCommGroup E],NormedAddCommGroup,SeminormedAddCommGroup,1,0,,unused
Analysis,Mathlib.Analysis.Normed.Module.RieszLemma,riesz_lemma,[NormedAddCommGroup E],NormedAddCommGroup,SeminormedAddCommGroup,1,0,,replaceable
Analysis,Mathlib.Analysis.Normed.Module.WeakDual,WeakDual.exists_countable_separating,[NontriviallyNormedField 𝕜],NontriviallyNormedField,NormedField,1,0,,unused
Analysis,Mathlib.Analysis.Normed.Operator.ContinuousLinearMap,ContinuousLinearMap.isUniformEmbedding_of_bound,[Ring 𝕜],Ring,Semiring,2,1,,unused
Analysis,Mathlib.Analysis.Normed.Order.Lattice,isClosed_le_of_isClosed_nonneg,[PartialOrder G],PartialOrder,Preorder,1,0,,unused
Analysis,Mathlib.Analysis.Normed.Ring.InfiniteSum,Summable.mul_norm,[NormedRing R],NormedRing,NonUnitalNormedRing,2,0,,unused
Analysis,Mathlib.Analysis.Normed.Ring.InfiniteSum,summable_norm_sum_mul_antidiagonal_of_summable_norm,[NormedRing R],NormedRing,NonUnitalNormedRing,2,0,,replaceable
Analysis,Mathlib.Analysis.Normed.Unbundled.SeminormFromBounded,map_one_ne_zero,[CommRing R],CommRing,CommMonoid,4,0,MulOneClass,unused
Analysis,Mathlib.Analysis.Normed.Unbundled.SeminormFromBounded,seminormFromBounded_aux,[CommRing R],CommRing,CommMonoid,4,0,MulOneClass,unused
Analysis,Mathlib.Analysis.Normed.Unbundled.SmoothingSeminorm,smoothingSeminormSeq_exists_pnat,[CommRing R],CommRing,Ring,1,0,,unclassified
Analysis,Mathlib.Analysis.Normed.Unbundled.SmoothingSeminorm,smoothingSeminormSeq_tendsto_aux,[CommRing R],CommRing,Ring,1,0,NonUnitalRing,unclassified
Analysis,Mathlib.Analysis.Normed.Unbundled.SmoothingSeminorm,zero_mem_lowerBounds_smoothingSeminormSeq_range,[CommRing R],CommRing,Ring,1,0,,unused
Analysis,Mathlib.Analysis.Seminorm,Seminorm.smul_closedBall_subset,[NormedField 𝕜],NormedField,NormedRing,3,0,,unused
Analysis,Mathlib.Analysis.SpecialFunctions.JapaneseBracket,le_rpow_one_add_norm_iff_norm_le,[NormedAddCommGroup E],NormedAddCommGroup,SeminormedAddCommGroup,1,0,,unused
Analysis,Mathlib.Analysis.SpecialFunctions.JapaneseBracket,one_add_norm_le_sqrt_two_mul_sqrt,[NormedAddCommGroup E],NormedAddCommGroup,SeminormedAddCommGroup,1,0,,replaceable
Analysis,Mathlib.Analysis.SpecialFunctions.JapaneseBracket,sqrt_one_add_norm_sq_le,[NormedAddCommGroup E],NormedAddCommGroup,SeminormedAddCommGroup,1,0,,unused
Analysis,Mathlib.Analysis.SpecialFunctions.Sigmoid,Continuous.sigmoid,[NormedAddCommGroup E],NormedAddCommGroup,SeminormedAddCommGroup,1,0,,replaceable
Analysis,Mathlib.Analysis.SpecificLimits.ArithmeticGeometric,div_lt_arithGeom,[LinearOrder R],LinearOrder,PartialOrder,2,0,,replaceable
Analysis,Mathlib.Analysis.SpecificLimits.Normed,Monotone.cauchySeq_series_mul_of_tendsto_zero_of_bounded,[NormedAddCommGroup E],NormedAddCommGroup,SeminormedAddCommGroup,1,0,,unused
Analysis,Mathlib.Analysis.SpecificLimits.Normed,tendsto_smul_comp_nat_floor_of_tendsto_nsmul,[IsDomain K],IsDomain,Nontrivial,-1,0,,replaceable
Analysis,Mathlib.Analysis.SpecificLimits.Normed,tendsto_zero_of_isBoundedUnder_smul_of_tendsto_cobounded,[IsDomain K],IsDomain,NoZeroDivisors,3,0,,unused
CategoryTheory,Mathlib.CategoryTheory.Filtered.Basic,CategoryTheory.IsFiltered.isDirectedOrder,[IsFiltered α],IsFiltered,IsFilteredOrEmpty,-1,0,,unused
Combinatorics,Mathlib.Combinatorics.Additive.AP.Three.Defs,ThreeGPFree.image',[CommMonoid α],CommMonoid,Monoid,1,0,,unused
Combinatorics,Mathlib.Combinatorics.Additive.PluenneckeRuzsa,Finset.mul_aux,[CommGroup G],CommGroup,Group,1,0,Semigroup,unclassified
Combinatorics,Mathlib.Combinatorics.Additive.SubsetSum,Finset.nonneg_of_mem_subsetSum,[LinearOrder M],LinearOrder,PartialOrder,2,0,Preorder,unused
Combinatorics,Mathlib.Combinatorics.Additive.VerySmallDoubling,Finset.nonempty_of_doubling,[Group G],Group,Monoid,2,1,Semigroup,unclassified
Combinatorics,Mathlib.Combinatorics.Additive.VerySmallDoubling,Finset.weaken_doubling,[Group G],Group,Monoid,2,1,Semigroup,unclassified
Combinatorics,Mathlib.Combinatorics.Enumerative.Partition.GenFun,Nat.Partition.tendsto_order_genFun_term_atTop_nhds_top,[CommSemiring R],CommSemiring,Semiring,1,0,,replaceable
Combinatorics,Mathlib.Combinatorics.Enumerative.Pentagonal.PowerSeries,Pentagonal.tendsto_order_neg_X_pow,[CommRing R],CommRing,Ring,1,0,,unclassified
Combinatorics,Mathlib.Combinatorics.SetFamily.AhlswedeZhang,Finset.infs_aux,[DistribLattice α],DistribLattice,Lattice,-1,0,,unclassified
Combinatorics,Mathlib.Combinatorics.SetFamily.AhlswedeZhang,Finset.lower_aux,[SemilatticeSup α],SemilatticeSup,PartialOrder,1,0,Preorder,unclassified
Combinatorics,Mathlib.Combinatorics.SetFamily.AhlswedeZhang,Finset.sup_aux,[SemilatticeSup α],SemilatticeSup,PartialOrder,1,0,Preorder,unclassified
Combinatorics,Mathlib.Combinatorics.SetFamily.AhlswedeZhang,Finset.sups_aux,[DistribLattice α],DistribLattice,Lattice,-1,0,,unclassified
Combinatorics,Mathlib.Combinatorics.SimpleGraph.Extremal.Basic,SimpleGraph.extremalNumber_le_iff_of_nonneg,[LinearOrder R],LinearOrder,PartialOrder,2,0,,unused
Computability,Mathlib.Computability.Primrec.Basic,Primrec.of_equiv_iff,[Primcodable β],Primcodable,Encodable,-1,0,,unused
Computability,Mathlib.Computability.Primrec.Basic,Primrec.of_equiv_symm_iff,[Primcodable β],Primcodable,Encodable,-1,0,,unused
Data,Mathlib.Data.Fin.Pigeonhole,Fin.card_range_le,[Fintype α],Fintype,Finite,2,0,,replaceable
Data,Mathlib.Data.Finset.MulAntidiagonal,Set.IsPWO.mul,[PartialOrder α],PartialOrder,Preorder,1,0,,unused
Data,Mathlib.Data.Finset.NoncommProd,Multiset.map_noncommProd_aux,[Monoid α],Monoid,Semigroup,2,0,,unused
Data,Mathlib.Data.Finset.NoncommProd,Finset.noncommProd_mul_distrib_aux,[Monoid β],Monoid,Semigroup,2,0,,replaceable
Data,Mathlib.Data.Finset.Pairwise,Set.PairwiseDisjoint.attach,[SemilatticeInf α],SemilatticeInf,PartialOrder,1,0,,unused
Data,Mathlib.Data.Finset.Pairwise,Set.PairwiseDisjoint.image_finset_of_le,[SemilatticeInf α],SemilatticeInf,PartialOrder,1,0,,unused
Data,Mathlib.Data.Finsupp.Order,Finsupp.le_iff',[AddCommMonoid α],AddCommMonoid,AddMonoid,1,0,AddZeroClass,unused
Data,Mathlib.Data.Finsupp.Order,Finsupp.le_iff',[PartialOrder α],PartialOrder,Preorder,1,0,,unused
Data,Mathlib.Data.Finsupp.Order,Finsupp.support_monotone,[AddCommMonoid α],AddCommMonoid,AddMonoid,1,0,AddZeroClass,unused
Data,Mathlib.Data.Matrix.Mul,Matrix.mul_left_injective_iff_vecMul_injective,[NonUnitalSemiring α],NonUnitalSemiring,NonUnitalNonAssocSemiring,1,0,,unused
Data,Mathlib.Data.Matrix.Mul,Matrix.mul_right_injective_iff_mulVec_injective,[NonUnitalSemiring α],NonUnitalSemiring,NonUnitalNonAssocSemiring,1,0,,unused
Data,Mathlib.Data.NNRat.Floor,Mathlib.Meta.NormNum.IsRat.natCeil,[Field R],Field,DivisionRing,1,0,,replaceable
Data,Mathlib.Data.Nat.Cast.Order.Basic,Nat.mono_cast,[PartialOrder α],PartialOrder,Preorder,1,0,,unused
Data,Mathlib.Data.Nat.DvdSequence,smul_dvd_smul,[Monoid α],Monoid,Semigroup,2,0,,unused
Data,Mathlib.Data.Rat.Cast.Order,Rat.cast_pos_of_pos,[Field K],Field,DivisionRing,1,0,,unused
Data,Mathlib.Data.Real.Embedding,num_le_nat_mul_den,[LinearOrder M],LinearOrder,PartialOrder,2,0,,unused
Data,Mathlib.Data.SetLike.Basic,SetLike.lt_iff_le_and_exists,[PartialOrder A],PartialOrder,Preorder,1,0,,unused
Dynamics,Mathlib.Dynamics.BirkhoffSum.NormedSpace,dist_birkhoffSum_birkhoffSum_le,[NormedAddCommGroup E],NormedAddCommGroup,SeminormedAddCommGroup,1,0,,unused
Dynamics,Mathlib.Dynamics.Flow,IsForwardInvariant.isInvariant,[PartialOrder τ],PartialOrder,Preorder,1,0,,unused
FieldTheory,Mathlib.FieldTheory.Finite.GaloisField,GaloisField._root_.Polynomial.splits_X_pow_nat_card_sub_X,[Field K],Field,DivisionRing,1,0,,replaceable
FieldTheory,Mathlib.FieldTheory.Finiteness,IsNoetherian.finite_basis_index,[AddCommGroup V],AddCommGroup,AddCommMonoid,2,1,,replaceable
FieldTheory,Mathlib.FieldTheory.IsSepClosed,IsSepClosed.splits_codomain,[Field k],Field,CommRing,3,0,CommSemiring,unused
FieldTheory,Mathlib.FieldTheory.KummerPolynomial,ne_zero_of_irreducible_X_pow_sub_C',[Field K],Field,DivisionRing,1,0,Ring,unused
FieldTheory,Mathlib.FieldTheory.RatFunc.AsPolynomial,Polynomial.valuation_le_one_of_valuation_X_le_one,[LinearOrderedCommGroupWithZero Γ],LinearOrderedCommGroupWithZero,LinearOrderedCommMonoidWithZero,-1,0,,replaceable
Geometry,Mathlib.Geometry.Convex.Cone.Basic,ConvexCone.smul_mem_iff,[Field 𝕜],Field,DivisionRing,1,0,,unused
Geometry,Mathlib.Geometry.Convex.Cone.Face.Basic,PointedCone.IsFaceOf.lineal_le,[DivisionRing R],DivisionRing,Ring,3,0,,unused
Geometry,Mathlib.Geometry.Convex.Cone.Face.Basic,PointedCone.IsFaceOf.prod,[DivisionRing R],DivisionRing,Ring,3,0,Semiring,unused
Geometry,Mathlib.Geometry.Convex.Cone.Face.Basic,PointedCone.IsFaceOf.prod,[LinearOrder R],LinearOrder,PartialOrder,2,0,,unused
Geometry,Mathlib.Geometry.Convex.Cone.Pointed,PointedCone.smul_mem_iff,[Field 𝕜],Field,DivisionRing,1,0,,unused
Geometry,Mathlib.Geometry.Convex.ConvexSpace.Defs,Convexity.StdSimplex.restrict_ne_zero_aux,[LinearOrder K],LinearOrder,PartialOrder,2,0,,unclassified
Geometry,Mathlib.Geometry.Convex.ConvexSpace.Defs,Convexity.StdSimplex.restrict_ne_zero_aux,[Semifield K],Semifield,CommSemiring,-1,0,Semiring,unclassified
Geometry,Mathlib.Geometry.Convex.ConvexSpace.Defs,Convexity.StdSimplex.restrict_nonneg_aux,[LinearOrder K],LinearOrder,PartialOrder,2,0,,unclassified
Geometry,Mathlib.Geometry.Convex.ConvexSpace.Defs,Convexity.StdSimplex.restrict_nonneg_aux,[Semifield K],Semifield,CommSemiring,-1,0,Semiring,unclassified
Geometry,Mathlib.Geometry.Convex.ConvexSpace.Defs,Convexity.StdSimplex.weights_ne_zero,[PartialOrder R],PartialOrder,Preorder,1,0,,unused
Geometry,Mathlib.Geometry.Convex.ConvexSpace.Defs,Convexity.StdSimplex.weights_nonneg,[PartialOrder R],PartialOrder,Preorder,1,0,,unused
GroupTheory,Mathlib.GroupTheory.Congruence.BigOperators,Con.list_prod,[MulOneClass M],MulOneClass,MulOne,1,0,,unused
GroupTheory,Mathlib.GroupTheory.Coset.Basic,mem_own_leftCoset,[Monoid α],Monoid,MulOneClass,2,0,,unused
GroupTheory,Mathlib.GroupTheory.Coset.Basic,mem_own_rightCoset,[Monoid α],Monoid,MulOneClass,2,0,,unused
GroupTheory,Mathlib.GroupTheory.GroupAction.Blocks,MulAction.IsBlock.image,[Group G],Group,Monoid,2,1,,unused
GroupTheory,Mathlib.GroupTheory.GroupAction.Blocks,MulAction.isBlock_subgroup,[Group G],Group,Monoid,2,1,,unused
GroupTheory,Mathlib.GroupTheory.GroupAction.Blocks,MulAction.isBlock_subgroup',[Group G],Group,Monoid,2,1,,unused
GroupTheory,Mathlib.GroupTheory.GroupAction.Blocks,MulAction.isBlock_subtypeVal,[Group G],Group,Monoid,2,1,,unused
GroupTheory,Mathlib.GroupTheory.OrderOfElement,CharP.addOrderOf_one,[NonAssocRing R],NonAssocRing,NonAssocSemiring,-1,0,,unused
GroupTheory,Mathlib.GroupTheory.OrderOfElement,IsMulTorsionFree.orderOf_le_one,[CommGroup G],CommGroup,Group,1,0,Monoid,unused
GroupTheory,Mathlib.GroupTheory.PGroup,IsPGroup.ker_isPGroup_of_injective,[Group G],Group,Monoid,2,1,MulOneClass,unused
GroupTheory,Mathlib.GroupTheory.Torsion,ExponentExists.isMulTorsion,[Group G],Group,Monoid,2,1,,unused
GroupTheory,Mathlib.GroupTheory.Torsion,IsMulTorsion.exponentExists,[Group G],Group,Monoid,2,1,,unused
GroupTheory,Mathlib.GroupTheory.Torsion,IsMulTorsion.of_surjective,[Group G],Group,Monoid,2,1,,unused
GroupTheory,Mathlib.GroupTheory.Torsion,IsMulTorsion.of_surjective,[Group H],Group,DivInvMonoid,2,0,,unused
LinearAlgebra,Mathlib.LinearAlgebra.Basis.VectorSpace,nonzero_span_atom,[AddCommGroup V],AddCommGroup,AddCommMonoid,2,1,,unused
LinearAlgebra,Mathlib.LinearAlgebra.BilinearMap,LinearMap.lsmul_injective,[AddCommGroup M],AddCommGroup,AddCommMonoid,2,1,,unused
LinearAlgebra,Mathlib.LinearAlgebra.BilinearMap,LinearMap.lsmul_injective,[IsDomain R],IsDomain,NoZeroDivisors,3,0,,unused
LinearAlgebra,Mathlib.LinearAlgebra.DFinsupp,iSupIndep.linearIndependent,[IsDomain R],IsDomain,NoZeroDivisors,3,0,,replaceable
LinearAlgebra,Mathlib.LinearAlgebra.Determinant,LinearEquiv.isUnit_det,[AddCommGroup M],AddCommGroup,AddCommMonoid,2,1,,unused
LinearAlgebra,Mathlib.LinearAlgebra.Dimension.Finite,exists_mem_ne_zero_of_rank_pos,[AddCommGroup M],AddCommGroup,AddCommMonoid,2,1,,unused
LinearAlgebra,Mathlib.LinearAlgebra.Dimension.Finite,exists_mem_ne_zero_of_rank_pos,[Ring R],Ring,Semiring,2,1,,unused
LinearAlgebra,Mathlib.LinearAlgebra.Eigenspace.Basic,Module.End.HasUnifEigenvalue.isNilpotent_of_isNilpotent,[IsDomain R],IsDomain,NoZeroDivisors,3,0,,replaceable
LinearAlgebra,Mathlib.LinearAlgebra.Eigenspace.Minpoly,Module.End.isRoot_of_hasEigenvalue,[IsDomain R],IsDomain,NoZeroDivisors,3,0,,unused
LinearAlgebra,Mathlib.LinearAlgebra.LinearDisjoint,Submodule.LinearDisjoint.linearIndependent_mul_of_flat_left,[Ring S],Ring,Semiring,2,1,,unused
LinearAlgebra,Mathlib.LinearAlgebra.LinearDisjoint,Submodule.LinearDisjoint.linearIndependent_mul_of_flat_right,[Ring S],Ring,Semiring,2,1,,unused
LinearAlgebra,Mathlib.LinearAlgebra.LinearDisjoint,Submodule.LinearDisjoint.of_le_left_of_flat,[Ring S],Ring,Semiring,2,1,,unused
LinearAlgebra,Mathlib.LinearAlgebra.LinearDisjoint,Submodule.LinearDisjoint.of_le_right_of_flat,[Ring S],Ring,Semiring,2,1,,unused
LinearAlgebra,Mathlib.LinearAlgebra.LinearIndependent.BaseChange,LinearIndependent.linearIndependent_algebraMap_comp_aux,[Field L],Field,CommRing,3,0,CommSemiring,unclassified
LinearAlgebra,Mathlib.LinearAlgebra.LinearIndependent.Defs,LinearIndepOn.singleton,[IsDomain R],IsDomain,NoZeroDivisors,3,0,,unused
LinearAlgebra,Mathlib.LinearAlgebra.LinearIndependent.Defs,LinearIndependent.neg,[Ring R],Ring,Semiring,2,1,,unused
LinearAlgebra,Mathlib.LinearAlgebra.LinearIndependent.Defs,LinearIndependent.of_subsingleton,[IsDomain R],IsDomain,NoZeroDivisors,3,0,,unused
LinearAlgebra,Mathlib.LinearAlgebra.LinearIndependent.Lemmas,linearIndependent_algHom_toLinearMap',[IsDomain K],IsDomain,NoZeroDivisors,3,0,,unused
LinearAlgebra,Mathlib.LinearAlgebra.LinearIndependent.Lemmas,mem_span_insert_exchange,[AddCommGroup V],AddCommGroup,AddCommMonoid,2,1,,unused
LinearAlgebra,Mathlib.LinearAlgebra.Matrix.Block,Matrix.blockTriangular_algebraMap,[LinearOrder α],LinearOrder,PartialOrder,2,0,Preorder,unused
LinearAlgebra,Mathlib.LinearAlgebra.Matrix.Hermitian,Matrix.IsHermitian.commute_iff,[NonUnitalSemiring α],NonUnitalSemiring,NonUnitalNonAssocSemiring,1,0,,unused
LinearAlgebra,Mathlib.LinearAlgebra.Matrix.Hermitian,Matrix.IsHermitian.hadamard,[CommMonoid α],CommMonoid,CommSemigroup,2,0,,unused
LinearAlgebra,Mathlib.LinearAlgebra.Matrix.Hermitian,Matrix.isHermitian_conjTranspose_mul_self,[NonUnitalSemiring α],NonUnitalSemiring,NonUnitalNonAssocSemiring,1,0,,unused
LinearAlgebra,Mathlib.LinearAlgebra.Matrix.Hermitian,Matrix.isHermitian_mul_conjTranspose_self,[NonUnitalSemiring α],NonUnitalSemiring,NonUnitalNonAssocSemiring,1,0,,unused
LinearAlgebra,Mathlib.LinearAlgebra.Matrix.PosDef,Matrix.PosDef._root_.LinearMap.BilinForm.posDef_toQuadraticMap_iff_matrix,[AddCommGroup M],AddCommGroup,AddCommMonoid,2,1,,unused
LinearAlgebra,Mathlib.LinearAlgebra.Matrix.SemiringInverse,Matrix.IsDetpBalanced.trans,[IsCancelAdd R],IsCancelAdd,IsLeftCancelAdd,-1,0,,unused
LinearAlgebra,Mathlib.LinearAlgebra.Matrix.Symmetric,Matrix.isSymm_add_transpose_self,[AddCommSemigroup α],AddCommSemigroup,AddCommMagma,2,0,,unused
LinearAlgebra,Mathlib.LinearAlgebra.Matrix.Symmetric,Matrix.isSymm_transpose_add_self,[AddCommSemigroup α],AddCommSemigroup,AddCommMagma,2,0,,unused
LinearAlgebra,Mathlib.LinearAlgebra.Projectivization.PSL.PSL2,field_cond_of_four_le_card,[Field F],Field,DivisionRing,1,0,,unclassified
LinearAlgebra,Mathlib.LinearAlgebra.QuadraticForm.Signature,QuadraticForm.negSemidef_spanSubset,[Field 𝕜],Field,CommRing,3,0,,unclassified
LinearAlgebra,Mathlib.LinearAlgebra.QuadraticForm.Signature,QuadraticForm.posDef_spanSubset,[Field 𝕜],Field,CommRing,3,0,,unclassified
LinearAlgebra,Mathlib.LinearAlgebra.Ray,sameRay_of_mem_orbit,[AddCommGroup M],AddCommGroup,AddCommMonoid,2,1,,unused
LinearAlgebra,Mathlib.LinearAlgebra.Ray,sameRay_smul_smul_of_mul_nonneg,[AddCommGroup M],AddCommGroup,AddCommMonoid,2,1,,unused
LinearAlgebra,Mathlib.LinearAlgebra.SesquilinearForm.Basic,LinearMap.IsAdjointPair.smul,[AddCommGroup M],AddCommGroup,AddCommMonoid,2,1,,unused
LinearAlgebra,Mathlib.LinearAlgebra.SesquilinearForm.Basic,LinearMap.IsAdjointPair.smul,[AddCommGroup M₁],AddCommGroup,AddCommMonoid,2,1,,unused
LinearAlgebra,Mathlib.LinearAlgebra.SesquilinearForm.Basic,LinearMap.disjoint_ker_of_nondegenerate_restrict,[AddCommGroup M],AddCommGroup,AddCommMonoid,2,1,,unused
LinearAlgebra,Mathlib.LinearAlgebra.SesquilinearForm.Basic,LinearMap.isPairSelfAdjoint_equiv,[AddCommGroup M],AddCommGroup,AddCommMonoid,2,1,,unused
LinearAlgebra,Mathlib.LinearAlgebra.Trace,LinearMap.isNilpotent_trace_of_isNilpotent,[AddCommGroup M],AddCommGroup,AddCommMonoid,2,1,,unused
MeasureTheory,Mathlib.MeasureTheory.Constructions.BorelSpace.Metric,measurable_nnnorm,[NormedAddCommGroup α],NormedAddCommGroup,SeminormedAddCommGroup,1,0,,unused
MeasureTheory,Mathlib.MeasureTheory.Constructions.BorelSpace.Metric,measurable_norm,[NormedAddCommGroup α],NormedAddCommGroup,SeminormedAddCommGroup,1,0,,unused
MeasureTheory,Mathlib.MeasureTheory.Function.ConvergenceInMeasure,MeasureTheory.ExistsSeqTendstoAe.exists_nat_measure_lt_two_inv,[PseudoEMetricSpace E],PseudoEMetricSpace,EDist,5,0,,unused
MeasureTheory,Mathlib.MeasureTheory.Function.LpSpace.Complete,MeasureTheory.Lp.cauchy_tendsto_of_tendsto,[NormedAddCommGroup E],NormedAddCommGroup,SeminormedAddCommGroup,1,0,,unused
MeasureTheory,Mathlib.MeasureTheory.Function.SimpleFuncDenseLp,MeasureTheory.SimpleFunc.nnnorm_approxOn_le,[NormedAddCommGroup E],NormedAddCommGroup,SeminormedAddCommGroup,1,0,,unused
MeasureTheory,Mathlib.MeasureTheory.Function.SimpleFuncDenseLp,MeasureTheory.SimpleFunc.norm_approxOn_y₀_le,[NormedAddCommGroup E],NormedAddCommGroup,SeminormedAddCommGroup,1,0,,unused
MeasureTheory,Mathlib.MeasureTheory.Function.SimpleFuncDenseLp,MeasureTheory.SimpleFunc.norm_approxOn_zero_le,[NormedAddCommGroup E],NormedAddCommGroup,SeminormedAddCommGroup,1,0,,unused
MeasureTheory,Mathlib.MeasureTheory.Function.StronglyMeasurable.Basic,MeasureTheory.StronglyMeasurable.leOnePart,[Group β],Group,DivInvMonoid,2,0,,unused
MeasureTheory,Mathlib.MeasureTheory.Function.StronglyMeasurable.Basic,MeasureTheory.StronglyMeasurable.oneLePart,[Group β],Group,DivInvMonoid,2,0,,unused
MeasureTheory,Mathlib.MeasureTheory.Function.UniformIntegrable,MeasureTheory.tendsto_indicator_ge,[NormedAddCommGroup β],NormedAddCommGroup,SeminormedAddCommGroup,1,0,,unused
MeasureTheory,Mathlib.MeasureTheory.Group.FundamentalDomain,MeasureTheory.IsFundamentalDomain.hasFundamentalDomain,[Group G],Group,Monoid,2,1,,unused
MeasureTheory,Mathlib.MeasureTheory.Group.Measure,MeasureTheory.Measure.measurePreserving_div_left,[DivisionMonoid G],DivisionMonoid,DivInvMonoid,-1,0,,unused
MeasureTheory,Mathlib.MeasureTheory.Group.Measure,MeasureTheory.measurePreserving_div_right,[Group G],Group,DivInvMonoid,2,0,,unused
MeasureTheory,Mathlib.MeasureTheory.Group.Measure,MeasureTheory.Measure.measurePreserving_mul_right_inv,[DivisionMonoid G],DivisionMonoid,DivInvMonoid,-1,0,,unused
MeasureTheory,Mathlib.MeasureTheory.Integral.BoundedContinuousFunction,BoundedContinuousFunction.lintegral_nnnorm_le,[NormedAddCommGroup E],NormedAddCommGroup,SeminormedAddCommGroup,1,0,,unused
MeasureTheory,Mathlib.MeasureTheory.Integral.IntegralEqImproper,MeasureTheory.AECover.integrable_of_lintegral_enorm_bounded,[NormedAddCommGroup E],NormedAddCommGroup,SeminormedAddCommGroup,1,0,,unused
MeasureTheory,Mathlib.MeasureTheory.Measure.ResolventTransform,MeasureTheory.norm_resolvent_le_inv_infDist_support,[NontriviallyNormedField 𝕜],NontriviallyNormedField,NormedField,1,0,,unused
MeasureTheory,Mathlib.MeasureTheory.Order.Group.Lattice,measurable_leOnePart,[Group α],Group,DivInvMonoid,2,0,,unused
MeasureTheory,Mathlib.MeasureTheory.Order.Group.Lattice,measurable_oneLePart,[Group α],Group,DivInvMonoid,2,0,,unused
MeasureTheory,Mathlib.MeasureTheory.SpecificCodomains.ContinuousMap,ContinuousMap.aeStronglyMeasurable_mkD_of_uncurry,[NormedAddCommGroup E],NormedAddCommGroup,SeminormedAddCommGroup,1,0,,replaceable
MeasureTheory,Mathlib.MeasureTheory.SpecificCodomains.ContinuousMap,ContinuousMap.aeStronglyMeasurable_restrict_mkD_restrict_of_uncurry,[NormedAddCommGroup E],NormedAddCommGroup,SeminormedAddCommGroup,1,0,,replaceable
NumberTheory,Mathlib.NumberTheory.Cyclotomic.Basic,IsCyclotomicExtension.splits_X_pow_sub_one,[Field K],Field,CommRing,3,0,,unused
NumberTheory,Mathlib.NumberTheory.FLT.Polynomial,Ne.isUnit_C,[Field k],Field,DivisionRing,1,0,,unclassified
NumberTheory,Mathlib.NumberTheory.FunctionField,FunctionField.algebraMap_injective,[Field K],Field,DivisionRing,1,0,,replaceable
NumberTheory,Mathlib.NumberTheory.Height.MvPolynomial,AbsoluteValue.iSup_abv_linearMap_apply_le,[Field K],Field,CommRing,3,0,Semiring,unused
NumberTheory,Mathlib.NumberTheory.Height.MvPolynomial,IsNonarchimedean.iSup_abv_linearMap_apply_le,[Field K],Field,CommRing,3,0,Semiring,unused
NumberTheory,Mathlib.NumberTheory.LegendreSymbol.AddCharacter,AddChar.val_mem_rootsOfUnity,[CommRing R],CommRing,Ring,1,0,,unused
NumberTheory,Mathlib.NumberTheory.MulChar.Duality,MulChar.mulEquiv_units,[CommRing R],CommRing,CommSemiring,2,1,CommMonoidWithZero,unused
NumberTheory,Mathlib.NumberTheory.MulChar.Duality,MulChar.restrictHom_surjective,[CommRing R],CommRing,CommSemiring,2,1,CommMonoidWithZero,replaceable
NumberTheory,Mathlib.NumberTheory.MulChar.Lemmas,MulChar.apply_mem_rootsOfUnity,[CommRing R],CommRing,CommMonoid,4,0,,unused
NumberTheory,Mathlib.NumberTheory.MulChar.Lemmas,MulChar.orderOf_dvd_card_sub_one,[CommRing R],CommRing,CommSemiring,2,1,CommMonoidWithZero,unused
NumberTheory,Mathlib.NumberTheory.RamificationInertia.Basic,Ideal.Factors.ne_bot,[CommRing R],CommRing,CommSemiring,2,1,,unused
NumberTheory,Mathlib.NumberTheory.TsumDivisorsAntidiagonal,summable_divisorsAntidiagonal_aux,[NontriviallyNormedField 𝕜],NontriviallyNormedField,NormedField,1,0,,unclassified
NumberTheory,Mathlib.NumberTheory.TsumDivisorsAntidiagonal,summable_norm_pow_mul_geometric_div_one_sub,[NontriviallyNormedField 𝕜],NontriviallyNormedField,NormedField,1,0,,replaceable
NumberTheory,Mathlib.NumberTheory.TsumDivisorsAntidiagonal,tendsto_zero_geometric_tsum_pnat,[NontriviallyNormedField 𝕜],NontriviallyNormedField,NormedField,1,0,,replaceable
Order,Mathlib.Order.Antichain,IsAntichain.of_monotoneOn_strictAntiOn,[PartialOrder β],PartialOrder,Preorder,1,0,,unused
Order,Mathlib.Order.Antichain,IsAntichain.of_strictMonoOn_antitoneOn,[PartialOrder β],PartialOrder,Preorder,1,0,,unused
Order,Mathlib.Order.Atoms,IsStronglyAtomic.of_wellFounded_lt,[PartialOrder α],PartialOrder,Preorder,1,0,,unused
Order,Mathlib.Order.Birkhoff,UpperSet.infIrred_Ici,[PartialOrder α],PartialOrder,Preorder,1,0,,unused
Order,Mathlib.Order.Birkhoff,LowerSet.supIrred_Iic,[PartialOrder α],PartialOrder,Preorder,1,0,,replaceable
Order,Mathlib.Order.BoundedOrder.Lattice,WellFoundedGT.induction_top,[OrderTop α],OrderTop,Top,-1,0,,unused
Order,Mathlib.Order.CompactlyGenerated.Basic,CompleteLattice.isCompactElement_iff_le_of_directed_sSup_le,[CompleteLattice α],CompleteLattice,CompleteSemilatticeSup,-1,0,,replaceable
Order,Mathlib.Order.CompleteLattice.Basic,iSup_le,[CompleteLattice α],CompleteLattice,CompleteSemilatticeSup,-1,0,,replaceable
Order,Mathlib.Order.Cover,Prod._root_.WCovBy.fst,[PartialOrder α],PartialOrder,Preorder,1,0,,unused
Order,Mathlib.Order.Cover,Prod._root_.WCovBy.fst,[PartialOrder β],PartialOrder,Preorder,1,0,,unused
Order,Mathlib.Order.Cover,Prod._root_.WCovBy.snd,[PartialOrder α],PartialOrder,Preorder,1,0,,unused
Order,Mathlib.Order.Cover,Prod._root_.WCovBy.snd,[PartialOrder β],PartialOrder,Preorder,1,0,,unused
Order,Mathlib.Order.Cover,Prod.swap_covBy_swap,[PartialOrder α],PartialOrder,Preorder,1,0,,unused
Order,Mathlib.Order.Cover,Prod.swap_covBy_swap,[PartialOrder β],PartialOrder,Preorder,1,0,,unused
Order,Mathlib.Order.Cover,Prod.swap_wcovBy_swap,[PartialOrder α],PartialOrder,Preorder,1,0,,unused
Order,Mathlib.Order.Cover,Prod.swap_wcovBy_swap,[PartialOrder β],PartialOrder,Preorder,1,0,,unused
Order,Mathlib.Order.DirSupClosed,dirSupClosedOn_iff_forall_sSup,[CompleteLattice α],CompleteLattice,CompleteSemilatticeSup,-1,0,,unused
Order,Mathlib.Order.DirSupClosed,dirSupClosed_iff_forall_sSup,[CompleteLattice α],CompleteLattice,CompleteSemilatticeSup,-1,0,,unused
Order,Mathlib.Order.DirSupClosed,dirSupInaccOn_iff_forall_sSup,[CompleteLattice α],CompleteLattice,CompleteSemilatticeSup,-1,0,,unused
Order,Mathlib.Order.DirSupClosed,dirSupInacc_iff_forall_sSup,[CompleteLattice α],CompleteLattice,CompleteSemilatticeSup,-1,0,,unused
Order,Mathlib.Order.Disjoint,isCompl_ofDual_iff,[Lattice α],Lattice,SemilatticeInf,0,0,PartialOrder,unused
Order,Mathlib.Order.Disjoint,isCompl_toDual_iff,[Lattice α],Lattice,SemilatticeInf,0,0,PartialOrder,unused
Order,Mathlib.Order.Filter.AtTopBot.Archimedean,Filter.Tendsto.atTop_nsmul_const,[LinearOrder R],LinearOrder,PartialOrder,2,0,,unused
Order,Mathlib.Order.Filter.AtTopBot.Archimedean,Filter.Tendsto.atTop_zsmul_const,[LinearOrder R],LinearOrder,PartialOrder,2,0,,unused
Order,Mathlib.Order.Filter.AtTopBot.Group,Filter.tendsto_atTop_mul_left_of_le',[PartialOrder G],PartialOrder,Preorder,1,0,,unused
Order,Mathlib.Order.Filter.AtTopBot.Group,Filter.tendsto_atTop_mul_right_of_le',[PartialOrder G],PartialOrder,Preorder,1,0,,unused
Order,Mathlib.Order.Filter.AtTopBot.Group,Filter.tendsto_comp_inv_atTop_iff,[PartialOrder G],PartialOrder,Preorder,1,0,,replaceable
Order,Mathlib.Order.Filter.AtTopBot.Group,Filter.tendsto_inv_atBot_iff,[PartialOrder G],PartialOrder,Preorder,1,0,,unused
Order,Mathlib.Order.Filter.AtTopBot.Group,Filter.tendsto_inv_atTop_atBot,[PartialOrder G],PartialOrder,Preorder,1,0,,unused
Order,Mathlib.Order.Filter.AtTopBot.Group,Filter.tendsto_inv_atTop_iff,[PartialOrder G],PartialOrder,Preorder,1,0,,unused
Order,Mathlib.Order.Filter.AtTopBot.Group,Filter.tendsto_mabs_atTop_atTop,[CommGroup G],CommGroup,Group,1,0,,unused
Order,Mathlib.Order.Filter.IndicatorFunction,mulIndicator_union_eventuallyEq,[Monoid M],Monoid,MulOneClass,2,0,,unused
Order,Mathlib.Order.Filter.Pointwise,Filter.Tendsto.mul_mul,[MulOneClass α],MulOneClass,MulOne,1,0,,unused
Order,Mathlib.Order.Filter.Pointwise,Filter.Tendsto.mul_mul,[MulOneClass β],MulOneClass,MulOne,1,0,,unused
Order,Mathlib.Order.Filter.Pointwise,Filter.comap_mul_comap_le,[MulOneClass β],MulOneClass,MulOne,1,0,,replaceable
Order,Mathlib.Order.Hom.BoundedLattice,Disjoint.map,[Lattice α],Lattice,SemilatticeInf,0,0,,unused
Order,Mathlib.Order.Interval.Basic,NonemptyInterval.subset_coe_map,[PartialOrder α],PartialOrder,Preorder,1,0,,replaceable
Order,Mathlib.Order.Interval.Basic,NonemptyInterval.subset_coe_map,[PartialOrder β],PartialOrder,Preorder,1,0,,replaceable
Order,Mathlib.Order.Interval.Finset.Basic,Finset.Ico_disjoint_Ico_consecutive,[PartialOrder α],PartialOrder,Preorder,1,0,,unused
Order,Mathlib.Order.Interval.Finset.Basic,Finset.notMem_Iio_self,[PartialOrder α],PartialOrder,Preorder,1,0,,unused
Order,Mathlib.Order.Interval.Finset.Basic,Finset.notMem_Ioi_self,[PartialOrder α],PartialOrder,Preorder,1,0,,unused
Order,Mathlib.Order.Interval.Multiset,Multiset.Ico_disjoint_Ico,[PartialOrder α],PartialOrder,Preorder,1,0,,unused
Order,Mathlib.Order.Interval.Set.ProjIcc,Set.OrdConnected.domRestrict,[LinearOrder α],LinearOrder,PartialOrder,2,0,Preorder,unused
Order,Mathlib.Order.KrullDimension,Order.coheight_pos_of_lt_top,[OrderTop α],OrderTop,Top,-1,0,,unused
Order,Mathlib.Order.Monotone.Extension,MonotoneOn.exists_monotone_extension,[LinearOrder α],LinearOrder,PartialOrder,2,0,Preorder,unused
Probability,Mathlib.Probability.Distributions.Gaussian.Basic,ProbabilityTheory.IsGaussian.memLp_dual,[NormedAddCommGroup E],NormedAddCommGroup,SeminormedAddCommGroup,1,0,,unused
Probability,Mathlib.Probability.Distributions.Gaussian.Fernique,ProbabilityTheory.IsGaussian.integrable_exp_sq_of_conv_neg,[NormedAddCommGroup E],NormedAddCommGroup,SeminormedAddCommGroup,1,0,,unused
Probability,Mathlib.Probability.Distributions.Poisson.Basic,ProbabilityTheory.integrable_map_cast_poissonMeasure_iff,[NormedAddCommGroup E],NormedAddCommGroup,SeminormedAddCommGroup,1,0,,unused
Probability,Mathlib.Probability.Process.Adapted,MeasureTheory.IsStronglyProgressive.div',[Group β],Group,DivInvMonoid,2,0,,unused
Probability,Mathlib.Probability.Process.Adapted,MeasureTheory.IsStronglyProgressive.inv,[Group β],Group,DivInvMonoid,2,0,,unused
Probability,Mathlib.Probability.Process.Predictable,MeasureTheory.measurableSet_predictable_Ioi_prod,[LinearOrder ι],LinearOrder,PartialOrder,2,0,Preorder,unused
Probability,Mathlib.Probability.Process.Predictable,MeasureTheory.measurableSet_predictable_singleton_bot_prod,[LinearOrder ι],LinearOrder,PartialOrder,2,0,Preorder,unused
RepresentationTheory,Mathlib.RepresentationTheory.Basic,Representation.apply_sub_id_partialSum_eq,[Ring k],Ring,Semiring,2,1,,unused
RingTheory,Mathlib.RingTheory.AdicCompletion.Functoriality,AdicCompletion.exists_smodEq_pow_add_one_smul,[AddCommGroup M],AddCommGroup,AddCommMonoid,2,1,,replaceable
RingTheory,Mathlib.RingTheory.AlgebraTower,Module.Basis.algebraMap_injective,[IsDomain R],IsDomain,NoZeroDivisors,3,0,,unused
RingTheory,Mathlib.RingTheory.Algebraic.Cardinality,Algebra.IsAlgebraic.lift_cardinalMk_le_sigma_polynomial,[IsDomain R],IsDomain,NoZeroDivisors,3,0,,replaceable
RingTheory,Mathlib.RingTheory.Bezout,IsBezout.iff_span_pair_isPrincipal,[CommRing R],CommRing,Ring,1,0,,unused
RingTheory,Mathlib.RingTheory.Bialgebra.MonoidAlgebra,MonoidAlgebra.isGroupLikeElem_of,[Monoid M],Monoid,MulOneClass,2,0,,unused
RingTheory,Mathlib.RingTheory.Congruence.BigOperators,RingCon.listProd,[Monoid S],Monoid,MulOneClass,2,0,,unused
RingTheory,Mathlib.RingTheory.Coprime.Basic,IsRelPrime.of_add_mul_left_left,[CommSemiring R],CommSemiring,Semiring,1,0,,unused
RingTheory,Mathlib.RingTheory.DedekindDomain.Dvr,IsLocalization.AtPrime.not_isField,[IsDomain A],IsDomain,NoZeroDivisors,3,0,,unused
RingTheory,Mathlib.RingTheory.DedekindDomain.Ideal.Basic,Ideal.liesOver_iff_dvd_map,[CommRing R],CommRing,CommSemiring,2,1,,replaceable
RingTheory,Mathlib.RingTheory.EssentialFiniteness,Algebra.EssFiniteType.aux,[CommRing R],CommRing,CommSemiring,2,1,,unused
RingTheory,Mathlib.RingTheory.EssentialFiniteness,Algebra.essFiniteType_cond_iff,[CommRing R],CommRing,CommSemiring,2,1,,unused
RingTheory,Mathlib.RingTheory.FractionalIdeal.Operations,FractionalIdeal.isNoetherian_iff,[Field K],Field,CommRing,3,0,,unused
RingTheory,Mathlib.RingTheory.FractionalIdeal.Operations,FractionalIdeal.isPrincipal_of_isPrincipal_num,[IsDomain R],IsDomain,Nontrivial,-1,0,,replaceable
RingTheory,Mathlib.RingTheory.GradedAlgebra.FiniteType,GradedAlgebra.exists_finset_adjoin_eq_top_and_homogeneous,[AddCommMonoid ι],AddCommMonoid,AddMonoid,1,0,,unused
RingTheory,Mathlib.RingTheory.HahnSeries.Basic,HahnSeries.BddBelow_zero,[LinearOrder Γ],LinearOrder,PartialOrder,2,0,Preorder,unused
RingTheory,Mathlib.RingTheory.HahnSeries.Lex,HahnSeries.leadingCoeff_pos_iff,[LinearOrder R],LinearOrder,PartialOrder,2,0,,replaceable
RingTheory,Mathlib.RingTheory.Ideal.GoingUp,Ideal.coeff_zero_mem_comap_of_root_mem_of_eval_mem,[CommRing R],CommRing,Ring,1,0,Semiring,unused
RingTheory,Mathlib.RingTheory.Ideal.GoingUp,Ideal.mem_of_one_mem,[CommRing S],CommRing,Ring,1,0,Semiring,unused
RingTheory,Mathlib.RingTheory.Ideal.Maps,Ideal.disjoint_map_primeCompl_iff_comap_le,[CommSemiring R],CommSemiring,Semiring,1,0,,replaceable
RingTheory,Mathlib.RingTheory.Ideal.Maps,Ideal.map_ne_bot_of_ne_bot,[IsDomain R],IsDomain,NoZeroDivisors,3,0,,unused
RingTheory,Mathlib.RingTheory.Ideal.Operations,Ideal.primeCompl_le_nonZeroDivisors,[CommSemiring R],CommSemiring,Semiring,1,0,,unused
RingTheory,Mathlib.RingTheory.Ideal.Quotient.Basic,Ideal.Quotient.map_pi,[Ring R],Ring,Semiring,2,1,,unclassified
RingTheory,Mathlib.RingTheory.Ideal.Quotient.Over,Ideal.ncard_primesOver_lt_of_not_le,[CommRing R],CommRing,CommSemiring,2,1,,unused
RingTheory,Mathlib.RingTheory.Ideal.Quotient.Over,Ideal.ncard_primesOver_lt_of_not_le,[CommRing S],CommRing,Ring,1,0,Semiring,unused
RingTheory,Mathlib.RingTheory.IntegralClosure.Algebra.Basic,isIntegral_of_smul_mem_submodule,[IsDomain A],IsDomain,NoZeroDivisors,3,0,,unused
RingTheory,Mathlib.RingTheory.IntegralClosure.IsIntegralClosure.Basic,Algebra.IsIntegral.tower_bot,[IsDomain S],IsDomain,NoZeroDivisors,3,0,,unused
RingTheory,Mathlib.RingTheory.Invariant.Basic,Algebra.IsInvariant.charpoly_mem_lifts,[CommRing A],CommRing,CommSemiring,2,1,,unused
RingTheory,Mathlib.RingTheory.IsAdjoinRoot,IsAdjoinRoot.mem_ker_map,[Ring S],Ring,Semiring,2,1,,unused
RingTheory,Mathlib.RingTheory.LinearDisjoint,Subalgebra.LinearDisjoint.exists_field_of_isDomain_of_injective,[CommRing R],CommRing,CommSemiring,2,1,,unused
RingTheory,Mathlib.RingTheory.LocalRing.Basic,IsLocalRing.isUnit_or_isUnit_one_sub_self,[CommRing R],CommRing,Ring,1,0,,unused
RingTheory,Mathlib.RingTheory.LocalRing.RingHom.Basic,IsLocalRing.of_surjective,[CommSemiring R],CommSemiring,Semiring,1,0,,unused
RingTheory,Mathlib.RingTheory.Localization.AsSubring,Localization.map_isUnit_of_le,[CommRing A],CommRing,CommSemiring,2,1,,unused
RingTheory,Mathlib.RingTheory.Localization.Basic,IsLocalization.map_injective_of_injective',[CommRing R],CommRing,CommSemiring,2,1,,replaceable
RingTheory,Mathlib.RingTheory.Localization.Basic,IsLocalization.map_injective_of_injective',[CommRing S],CommRing,CommSemiring,2,1,,unused
RingTheory,Mathlib.RingTheory.Localization.Basic,IsLocalization.map_injective_of_injective',[IsDomain S],IsDomain,NoZeroDivisors,3,0,,unused
RingTheory,Mathlib.RingTheory.Localization.FractionRing,IsFractionRing.isFractionRing_iff_of_base_ringEquiv,[CommRing R],CommRing,CommSemiring,2,1,,unused
RingTheory,Mathlib.RingTheory.Localization.InvSubmonoid,IsLocalization.submonoid_map_le_is_unit,[CommRing R],CommRing,CommSemiring,2,1,,unused
RingTheory,Mathlib.RingTheory.Localization.Module,LinearIndependent.iff_fractionRing,[AddCommGroup V],AddCommGroup,AddCommMonoid,2,1,,unused
RingTheory,Mathlib.RingTheory.Noetherian.Basic,Submodule.FG.of_le_of_isNoetherian,[AddCommGroup M],AddCommGroup,AddCommMonoid,2,1,,unused
RingTheory,Mathlib.RingTheory.Noetherian.Basic,Submodule.FG.of_le_of_isNoetherian,[Ring R],Ring,Semiring,2,1,,unused
RingTheory,Mathlib.RingTheory.Polynomial.Basic,Ideal.polynomial_not_isField,[Ring R],Ring,Semiring,2,1,,replaceable
RingTheory,Mathlib.RingTheory.Polynomial.Chebyshev,Polynomial.Chebyshev.derivative_U_eval_one_dvd,[Field 𝔽],Field,CommRing,3,0,,unused
RingTheory,Mathlib.RingTheory.Polynomial.Chebyshev,Polynomial.Chebyshev.iterate_derivative_T_eval_one_dvd,[Field 𝔽],Field,CommRing,3,0,,unused
RingTheory,Mathlib.RingTheory.Polynomial.Chebyshev,Polynomial.Chebyshev.iterate_derivative_U_eval_one_dvd,[Field 𝔽],Field,CommRing,3,0,,unused
RingTheory,Mathlib.RingTheory.Polynomial.Cyclotomic.Eval,Polynomial.cyclotomic_neg_one_pos,[CommRing R],CommRing,Ring,1,0,,unclassified
RingTheory,Mathlib.RingTheory.Polynomial.Cyclotomic.Roots,Polynomial.cyclotomic_injective,[CommRing R],CommRing,Ring,1,0,,replaceable
RingTheory,Mathlib.RingTheory.Polynomial.DegreeLT,Polynomial.taylor_mem_degreeLT,[CommRing R],CommRing,Ring,1,0,Semiring,unused
RingTheory,Mathlib.RingTheory.Polynomial.Eisenstein.Basic,Polynomial.IsEisensteinAt._root_.Polynomial.Monic.leadingCoeff_notMem,[CommSemiring R],CommSemiring,Semiring,1,0,,unused
RingTheory,Mathlib.RingTheory.Polynomial.GaussLemma,Polynomial.IsPrimitive.mul_map_mem_lifts_iff,[IsDomain R],IsDomain,Nontrivial,-1,0,,replaceable
RingTheory,Mathlib.RingTheory.PowerSeries.NoZeroDivisors,PowerSeries.rescale_injective,[IsDomain R],IsDomain,NoZeroDivisors,3,0,,unused
RingTheory,Mathlib.RingTheory.PowerSeries.PiTopology,PowerSeries.WithPiTopology.tendsto_trunc_atTop,[CommSemiring R],CommSemiring,Semiring,1,0,,unused
RingTheory,Mathlib.RingTheory.PrincipalIdealDomain,Prime.coprime_iff_not_dvd,[IsDomain R],IsDomain,NoZeroDivisors,3,0,,unused
RingTheory,Mathlib.RingTheory.Regular.LinearMap,IsSMulRegular.linearMap_subsingleton_of_mem_annihilator,[AddCommGroup M],AddCommGroup,AddCommMonoid,2,1,,unused
RingTheory,Mathlib.RingTheory.Regular.LinearMap,IsSMulRegular.linearMap_subsingleton_of_mem_annihilator,[CommRing R],CommRing,Ring,1,0,Semiring,unused
RingTheory,Mathlib.RingTheory.RootsOfUnity.CyclotomicUnits,IsPrimitiveRoot.associated_sub_one_pow_sub_one_of_coprime,[IsDomain A],IsDomain,NoZeroDivisors,3,0,,replaceable
RingTheory,Mathlib.RingTheory.SurjectiveOnStalks,RingHom.SurjectiveOnStalks.tensorProductMap_id,[CommRing R],CommRing,CommSemiring,2,1,,unclassified
RingTheory,Mathlib.RingTheory.SurjectiveOnStalks,RingHom.SurjectiveOnStalks.tensorProductMap_id,[CommRing T],CommRing,CommSemiring,2,1,,unclassified
RingTheory,Mathlib.RingTheory.TwoSidedIdeal.Operations,TwoSidedIdeal.set_mul_subset,[NonUnitalRing R],NonUnitalRing,NonUnitalNonAssocRing,1,0,,unused
RingTheory,Mathlib.RingTheory.TwoSidedIdeal.Operations,TwoSidedIdeal.subset_mul_set,[NonUnitalRing R],NonUnitalRing,NonUnitalNonAssocRing,1,0,,unused
RingTheory,Mathlib.RingTheory.UniqueFactorizationDomain.Multiplicity,UniqueFactorizationMonoid.hasFiniteMulSupport_fun_pow_multiplicity,[CommMonoid M],CommMonoid,Monoid,1,0,,unused
RingTheory,Mathlib.RingTheory.Unramified.Field,Algebra.FormallyUnramified.of_isSeparable,[Field K],Field,CommRing,3,0,,replaceable
RingTheory,Mathlib.RingTheory.Valuation.ValuationRing,ValuationRing.le_total,[ValuationRing A],ValuationRing,PreValuationRing,-1,0,,unused
RingTheory,Mathlib.RingTheory.Valuation.ValuativeRel.Basic,ValuativeRel.mul_vlt_mul,[Ring R],Ring,Semiring,2,1,,unused
RingTheory,Mathlib.RingTheory.Valuation.ValuativeRel.Basic,ValuativeRel.mul_vlt_mul_of_vle_of_vlt,[Ring R],Ring,Semiring,2,1,,unused
RingTheory,Mathlib.RingTheory.Valuation.ValuativeRel.Basic,ValuativeRel.mul_vlt_mul_of_vlt_of_vle,[Ring R],Ring,Semiring,2,1,,unused
RingTheory,Mathlib.RingTheory.Valuation.ValuativeRel.Basic,ValuativeRel.pow_vle_pow,[Ring R],Ring,Semiring,2,1,,unused
Topology,Mathlib.Topology.Algebra.Group.Basic,tendsto_inv_nhdsGE,[PartialOrder H],PartialOrder,Preorder,1,0,,unused
Topology,Mathlib.Topology.Algebra.Group.Basic,tendsto_inv_nhdsLE,[PartialOrder H],PartialOrder,Preorder,1,0,,unused
Topology,Mathlib.Topology.Algebra.InfiniteSum.ConditionalInt,SummationFilter._root_.Summable.tendsto_zero_of_even_summable_symmetricIcc,[NormedAddCommGroup F],NormedAddCommGroup,SeminormedAddCommGroup,1,0,,replaceable
Topology,Mathlib.Topology.Algebra.InfiniteSum.Constructions,HasProd.sum,[CommMonoid α],CommMonoid,Monoid,1,0,,unused
Topology,Mathlib.Topology.Algebra.InfiniteSum.Constructions,Multipliable.sum,[CommMonoid α],CommMonoid,Monoid,1,0,,unused
Topology,Mathlib.Topology.Algebra.InfiniteSum.Group,Multipliable.hasFiniteMulSupport_of_discreteTopology,[CommGroup G],CommGroup,Group,1,0,,unused
Topology,Mathlib.Topology.Algebra.InfiniteSum.Nonarchimedean,NonarchimedeanGroup.cauchySeq_of_tendsto_div_nhds_one,[CommGroup G],CommGroup,Group,1,0,,unused
Topology,Mathlib.Topology.Algebra.InfiniteSum.Order,Multipliable.tprod_subtype_le,[PartialOrder γ],PartialOrder,Preorder,1,0,,unused
Topology,Mathlib.Topology.Algebra.InfiniteSum.Ring,summable_mul_prod_iff_summable_mul_sigma_antidiagonal,[AddCommMonoid A],AddCommMonoid,AddMonoid,1,0,,unused
Topology,Mathlib.Topology.Algebra.InfiniteSum.Ring,summable_sum_mul_antidiagonal_of_summable_mul,[T3Space α],T3Space,RegularSpace,1,0,,unused
Topology,Mathlib.Topology.Algebra.Module.Compact,Submodule.isCompact_of_fg,[CommSemiring R],CommSemiring,Semiring,1,0,,unused
Topology,Mathlib.Topology.Algebra.Monoid,Submonoid.mem_nhds_one,[CommMonoid M],CommMonoid,Monoid,1,0,,unused
Topology,Mathlib.Topology.Algebra.Monoid,Submonoid.top_closure_mul_self_subset,[Monoid M],Monoid,MulOneClass,2,0,,unused
Topology,Mathlib.Topology.Algebra.OpenSubgroup,Submodule.isOpen_mono,[CommRing R],CommRing,Ring,1,0,,unused
Topology,Mathlib.Topology.Algebra.UniformMulAction,UniformContinuous.const_mul',[Ring R],Ring,Semiring,2,1,,unused
Topology,Mathlib.Topology.Algebra.UniformMulAction,UniformContinuous.mul_const',[Ring R],Ring,Semiring,2,1,,unused
Topology,Mathlib.Topology.Algebra.Valued.ValuedField,Valued.valuation_isClosedMap,[Field K],Field,DivisionRing,1,0,,unused
Topology,Mathlib.Topology.ApproximateUnit,Filter.IsApproximateUnit.mono,[MulOneClass α],MulOneClass,MulOne,1,0,,unused
Topology,Mathlib.Topology.Connected.PathConnected,Joined.listProd,[MulOneClass M],MulOneClass,MulOne,1,0,,unused
Topology,Mathlib.Topology.EMetricSpace.BoundedVariation,eVariationOn.nonempty_monotone_mem,[LinearOrder α],LinearOrder,PartialOrder,2,0,,unused
Topology,Mathlib.Topology.EMetricSpace.Defs,Metric.eball_subset_eball,[PseudoEMetricSpace α],PseudoEMetricSpace,EDist,5,0,,unused
Topology,Mathlib.Topology.EMetricSpace.PairReduction,PairReduction.exists_radius_le,[PseudoEMetricSpace T],PseudoEMetricSpace,EDist,5,0,,unused
Topology,Mathlib.Topology.EMetricSpace.Pi,edist_pi_const_le,[PseudoEMetricSpace α],PseudoEMetricSpace,EDist,5,0,,unused
Topology,Mathlib.Topology.Instances.AddCircle.Defs,AddCircle.not_isOfFinAddOrder_iff_forall_rat_ne_div,[LinearOrder 𝕜],LinearOrder,PartialOrder,2,0,,unused
Topology,Mathlib.Topology.Instances.ENNReal.Lemmas,edist_ne_top_of_mem_ball,[EMetricSpace β],EMetricSpace,PseudoEMetricSpace,1,0,,unused
Topology,Mathlib.Topology.Instances.Matrix,isClosed_setOfPred_blockTriangular,[LinearOrder α],LinearOrder,PartialOrder,2,0,,unused
Topology,Mathlib.Topology.Instances.Sign,continuousAt_sign_of_neg,[PartialOrder α],PartialOrder,Preorder,1,0,,unused
Topology,Mathlib.Topology.Instances.Sign,continuousAt_sign_of_pos,[PartialOrder α],PartialOrder,Preorder,1,0,,unused
Topology,Mathlib.Topology.Irreducible,Topology.IsOpenEmbedding.irreducibleSpace,[IrreducibleSpace X],IrreducibleSpace,PreirreducibleSpace,-1,0,,unused
Topology,Mathlib.Topology.List,List.tendsto_prod,[MulOneClass α],MulOneClass,MulOne,1,0,,unused
Topology,Mathlib.Topology.MetricSpace.CauSeqFilter,CauchySeq.isCauSeq,[NormedField β],NormedField,NormedRing,3,0,,unused
Topology,Mathlib.Topology.MetricSpace.HolderNorm,MemHolder.holderWith,[EMetricSpace Y],EMetricSpace,PseudoEMetricSpace,1,0,,unused
Topology,Mathlib.Topology.MetricSpace.PartitionOfUnity,Metric.eventually_nhds_zero_forall_closedEBall_subset,[EMetricSpace X],EMetricSpace,PseudoEMetricSpace,1,0,,unused
Topology,Mathlib.Topology.MetricSpace.PartitionOfUnity,Metric.exists_forall_closedEBall_subset_aux₂,[EMetricSpace X],EMetricSpace,PseudoEMetricSpace,1,0,,replaceable
Topology,Mathlib.Topology.MetricSpace.Perfect,Perfect.small_diam_aux,[MetricSpace α],MetricSpace,PseudoMetricSpace,1,0,,unclassified
Topology,Mathlib.Topology.MetricSpace.ShrinkingLemma,exists_subset_iUnion_ball_radius_lt,[MetricSpace α],MetricSpace,PseudoMetricSpace,1,0,,replaceable
Topology,Mathlib.Topology.MetricSpace.ShrinkingLemma,exists_subset_iUnion_ball_radius_pos_lt,[MetricSpace α],MetricSpace,PseudoMetricSpace,1,0,,replaceable
Topology,Mathlib.Topology.Order.Filter,Filter.tendsto_nhds_atTop,[PartialOrder X],PartialOrder,Preorder,1,0,,unused
Topology,Mathlib.Topology.Order.LeftRightLim,continuousWithinAt_leftLim_Iic,[T3Space β],T3Space,RegularSpace,1,0,,unused
Topology,Mathlib.Topology.Order.LeftRightLim,tendsto_atTop_of_mapClusterPt,[T3Space β],T3Space,RegularSpace,1,0,,unused
Topology,Mathlib.Topology.Order.MonotoneContinuity,StrictMonoOn.continuousWithinAt_right_of_exists_between,[LinearOrder β],LinearOrder,PartialOrder,2,0,Preorder,unused
Topology,Mathlib.Topology.Order.MonotoneContinuity,continuousWithinAt_right_of_monotoneOn_of_exists_between,[LinearOrder β],LinearOrder,PartialOrder,2,0,Preorder,unused
